Timestamp,acc_x,acc_y,acc_z,gyro_x,gyro_y,gyro_z,magn_x,magn_y,magn_z,Id,Time,acc_diff_x,acc_diff_y,acc_diff_z,acc_ma_x,acc_ma_y,acc_ma_z
15063,-8.616862,-1.344814,5.317042,-1.89,-0.98,4.48,78.429131,-123.565361,65.887741,0,0.0,,,,,,
15083,-8.597719,-1.447709,5.130395,1.68,-5.18,-2.31,78.874466,-123.908951,65.683662,1,0.02,0.0191429999999996,-0.1028949999999999,-0.1866469999999997,-8.6072905,-1.3962615,5.2237185
15103,-8.358428,-1.471638,5.238076,6.09,-3.15,-6.44,79.450806,-124.784546,67.066635,2,0.04,0.2392909999999997,-0.023929,0.1076810000000003,-8.4780735,-1.4596735,5.1842355
15123,-8.159817,-1.617606,5.491724,11.2,-2.1,-8.12,79.726997,-125.364754,66.821747,3,0.06,0.1986109999999996,-0.1459680000000001,0.2536479999999992,-8.2591225,-1.544622,5.3649
15143,-8.133494,-1.660678,5.625727,10.71,0.21,-6.58,79.218796,-122.114326,65.578926,4,0.08,0.0263229999999996,-0.043072,0.1340030000000007,-8.146655500000001,-1.639142,5.5587255
15163,-8.243568,-1.715715,5.455831,7.56,-0.63,-5.95,79.599373,-126.152184,65.701714,5,0.1,-0.1100739999999991,-0.055037,-0.1698960000000005,-8.188531000000001,-1.6881965,5.540779000000001
15183,-8.348856,-1.730072,5.683156,3.92,-1.47,-6.16,78.685158,-125.469948,65.408218,6,0.12,-0.1052879999999998,-0.0143569999999999,0.2273250000000004,-8.296212,-1.7228935,5.5694935
15203,-8.269891,-1.684607,5.654442,-0.28,-3.64,-6.86,79.951797,-125.675987,66.204323,7,0.14,0.0789650000000001,0.045465,-0.0287139999999999,-8.3093735,-1.7073395,5.668799
15223,-8.432608,-1.49796,5.575476,-2.8,-4.48,-5.81,79.539894,-124.564781,64.721832,8,0.16,-0.1627170000000006,0.186647,-0.0789660000000003,-8.3512495,-1.5912835,5.614959000000001
15243,-8.557039,-1.478817,5.498903,-3.43,-3.22,-6.65,76.360802,-126.972374,61.933182,9,0.18,-0.1244309999999995,0.0191429999999999,-0.0765729999999997,-8.494823499999999,-1.4883885,5.5371895
15263,-8.143066,-1.495568,5.427115,-3.08,-1.61,-6.86,80.979073,-125.853638,66.025764,10,0.2,0.4139730000000003,-0.0167509999999999,-0.0717880000000006,-8.3500525,-1.4871925,5.463009
15283,-8.116744,-1.53864,5.230897,-3.08,2.31,-4.76,80.28759,-122.842796,64.321144,11,0.22,0.0263219999999986,-0.043072,-0.196218,-8.129905,-1.517104,5.329006
15302,-8.257926,-1.438138,5.099287,-3.92,6.79,-4.27,79.729523,-127.243919,64.946571,12,0.24,-0.1411819999999988,0.100502,-0.1316099999999993,-8.187335000000001,-1.488389,5.165092
15322,-8.028207,-1.593677,5.345757,-3.92,3.43,-6.09,79.437111,-124.507637,67.816734,13,0.26,0.2297189999999993,-0.1555390000000001,0.2464699999999995,-8.1430665,-1.5159075,5.222522
15342,-7.597483,-1.715715,5.276362,-7.42,-2.8,-7.14,79.687996,-126.6931,66.025795,14,0.28,0.4307239999999996,-0.122038,-0.0693950000000001,-7.812845,-1.654696,5.3110595
15362,-7.516124,-1.962185,5.099287,-7.7,-3.08,-3.57,78.941612,-127.094666,66.099792,15,0.3,0.0813590000000008,-0.2464699999999999,-0.1770749999999994,-7.5568035,-1.83895,5.1878245
15382,-7.616626,-1.978935,5.209361,-12.81,2.45,0.07,79.74968,-125.91954,65.181206,16,0.32,-0.1005020000000005,-0.01675,0.110074,-7.566375,-1.97056,5.154324000000001
15402,-7.946848,-2.002864,5.415151,-21.629999,5.88,2.8,81.484314,-127.504761,67.972664,17,0.34,-0.330222,-0.023929,0.2057899999999994,-7.781737,-1.9908995000000005,5.312256
15422,-8.123923,-2.072258,5.563511,-23.59,3.71,4.13,78.608017,-127.566895,66.158501,18,0.36,-0.1770749999999994,-0.0693939999999999,0.1483600000000002,-8.0353855,-2.037561,5.489331
15442,-8.296212,-2.160796,5.549154,-25.83,3.92,5.95,80.822731,-127.407692,66.732635,19,0.38,-0.172289000000001,-0.0885379999999997,-0.0143570000000003,-8.210067500000001,-2.116527,5.5563325
15462,-8.576182,-2.21344,5.589833,-27.790001,1.19,6.93,81.182831,-128.529785,66.671494,20,0.4,-0.2799699999999987,-0.0526439999999999,0.0406789999999999,-8.436197,-2.187118,5.5694935
15482,-8.746079,-2.08183,5.391222,-36.610001,0.21,6.86,78.292412,-128.59491,64.43634,21,0.42,-0.1698970000000006,0.1316099999999997,-0.1986109999999996,-8.661130499999999,-2.147635,5.4905275
15502,-8.595325,-2.100973,5.183039,-44.450001,0.63,2.8,80.155991,-128.072281,68.021149,22,0.44,0.1507539999999991,-0.0191430000000001,-0.208183,-8.670702,-2.0914015,5.2871305
15522,-8.346463,-2.115331,4.993999,-35.349998,6.51,6.44,81.518494,-130.697403,67.406487,23,0.46,0.2488620000000008,-0.0143579999999996,-0.1890400000000003,-8.470894000000001,-2.108152,5.088519
15542,-8.293819,-1.993292,4.800174,-31.290001,10.85,9.45,77.934387,-130.11264,65.291183,24,0.48,0.0526440000000008,0.1220389999999997,-0.1938249999999994,-8.320141,-2.0543115,4.8970865
15562,-8.317748,-1.93347,4.663778,-23.379999,12.95,9.38,77.461655,-129.21524,66.995476,25,0.5,-0.0239290000000007,0.059822,-0.1363960000000004,-8.3057835,-1.963381,4.731976
15582,-8.083243,-1.938256,4.651814,-13.3,12.67,8.12,80.031761,-130.179138,67.368134,26,0.52,0.2345050000000004,-0.0047859999999999,-0.0119639999999998,-8.200495499999999,-1.935863,4.657795999999999
15602,-8.114351,-1.928684,4.59199,-6.23,11.41,8.61,79.677116,-133.016296,68.689995,27,0.54,-0.0311079999999996,0.0095719999999999,-0.0598239999999998,-8.098797,-1.93347,4.621902
15622,-8.23639,-1.9909,4.766673,0.07,8.19,7.98,77.246162,-133.422028,66.671753,28,0.56,-0.1220390000000009,-0.0622159999999998,0.1746829999999999,-8.1753705,-1.959792,4.6793315
15642,-8.150245,-2.031579,4.848032,-0.07,3.71,6.79,78.978729,-132.367401,68.66951,29,0.58,0.0861450000000001,-0.0406789999999999,0.0813589999999999,-8.1933175,-2.0112394999999994,4.8073525
15662,-8.133494,-2.014829,4.711636,-3.85,2.66,7.56,76.187668,-131.651031,66.71241,30,0.6,0.0167509999999992,0.0167499999999996,-0.1363959999999995,-8.1418695,-2.023204,4.779834
15682,-8.652756,-1.988507,4.840853,-4.97,5.67,9.52,77.558273,-135.594589,66.705093,31,0.62,-0.5192619999999994,0.0263220000000001,0.1292169999999997,-8.393125000000001,-2.001668,4.776244500000001
15702,-8.688649,-1.995685,4.879139,-1.26,3.92,7.84,75.696098,-130.757614,67.855377,32,0.64,-0.0358929999999997,-0.0071779999999999,0.0382860000000002,-8.6707025,-1.992096,4.859996000000001
15722,-8.547467,-2.0244,4.934176,4.62,1.82,6.51,77.891968,-130.602356,67.868187,33,0.66,0.1411820000000005,-0.028715,0.0550369999999995,-8.618058,-2.0100424999999995,4.9066575
15742,-8.588147,-2.057901,4.926998,4.62,-0.07,6.3,79.939171,-133.599472,68.024117,34,0.68,-0.04068,-0.0335010000000002,-0.0071779999999996,-8.567806999999998,-2.0411505,4.930587
15762,-8.674292,-1.993292,4.869568,5.6,-1.75,5.18,77.642731,-131.336624,69.281746,35,0.7,-0.0861450000000001,0.0646090000000001,-0.05743,-8.6312195,-2.0255965,4.898283
15782,-8.604897,-1.943041,4.85521,7.35,-0.14,4.2,75.745293,-132.906723,66.21241,36,0.72,0.0693950000000001,0.050251,-0.0143580000000005,-8.6395945,-1.9681665,4.862389
15802,-8.370393,-1.928684,4.809745,8.4,-0.28,3.64,76.985855,-131.238571,68.182037,37,0.74,0.2345039999999993,0.0143569999999999,-0.0454649999999992,-8.487645,-1.9358625,4.8324775
15822,-8.324927,-1.85929,4.658992,7.56,3.5,5.95,76.98378,-128.598709,67.388336,38,0.76,0.0454659999999993,0.0693939999999999,-0.1507530000000008,-8.347660000000001,-1.893987,4.7343685
15842,-8.430215,-1.715715,4.546525,13.09,5.53,7.77,78.178429,-130.620834,70.246155,39,0.78,-0.1052879999999998,0.143575,-0.1124669999999996,-8.377571,-1.7875024999999996,4.6027585
15862,-8.504395,-1.672643,4.635063,18.620001,8.19,9.03,79.009941,-133.96077,68.807411,40,0.8,-0.0741800000000001,0.043072,0.0885379999999997,-8.467305,-1.6941789999999997,4.590794
15882,-8.423037,-1.655892,4.893497,18.48,8.12,8.89,77.58532,-132.389069,69.095566,41,0.82,0.0813579999999998,0.0167510000000001,0.2584340000000003,-8.463716000000002,-1.6642674999999996,4.764279999999999
15902,-8.506788,-1.773145,4.991606,19.530001,-0.28,5.11,75.111191,-129.324249,68.533943,42,0.84,-0.0837509999999994,-0.117253,0.098109,-8.4649125,-1.7145184999999996,4.9425515
15922,-8.815474,-1.562569,4.725994,14.84,2.1,7.49,76.025406,-130.006485,68.827438,43,0.86,-0.3086859999999998,0.2105759999999998,-0.2656119999999999,-8.661131000000001,-1.6678569999999997,4.8588000000000005
15942,-8.619255,-1.48121,4.740351,12.74,3.85,6.72,77.465477,-130.254807,68.633583,44,0.88,0.1962189999999992,0.0813590000000001,0.0143570000000003,-8.7173645,-1.5218894999999997,4.7331725
15962,-8.609683,-1.49796,4.642241,11.2,-1.33,3.22,75.332932,-132.556198,67.398796,45,0.9,0.0095720000000003,-0.01675,-0.0981100000000001,-8.614469,-1.4895849999999995,4.691296
15982,-8.504395,-1.476424,4.771459,12.04,-3.22,2.31,77.366539,-130.756409,69.526634,46,0.92,0.1052879999999998,0.021536,0.1292179999999998,-8.557039,-1.4871919999999994,4.70685
16002,-8.588147,-1.531461,4.857604,14.49,-0.56,2.87,76.212967,-130.045792,68.258469,47,0.94,-0.0837519999999987,-0.055037,0.0861450000000001,-8.546271,-1.5039424999999995,4.8145315
16022,-8.657541,-1.457281,4.936569,18.059999,0.56,2.94,76.955063,-129.365341,69.215233,48,0.96,-0.0693940000000008,0.0741799999999999,0.0789650000000001,-8.622844,-1.4943709999999997,4.8970865
16042,-8.669506,-1.447709,4.843246,21.84,0.07,-1.61,76.74057,-128.011566,68.615532,49,0.98,-0.011965,0.0095720000000001,-0.0933230000000007,-8.6635235,-1.4524949999999994,4.8899075
16062,-8.628826,-1.447709,4.876747,21.42,5.25,-4.62,73.581314,-124.854652,66.112221,50,1.0,0.04068,0.0,0.0335010000000002,-8.649166000000001,-1.4477089999999997,4.859996499999999
16082,-8.693435,-1.450102,5.003571,17.780001,6.09,-6.72,75.351448,-128.312103,68.010818,51,1.02,-0.064608999999999,-0.002393,0.126824,-8.661130499999999,-1.4489054999999995,4.940159
16102,-8.60729,-1.27542,4.879139,12.74,10.57,-2.87,76.129478,-129.224014,69.245819,52,1.04,0.0861449999999983,0.174682,-0.1244319999999996,-8.6503625,-1.3627609999999994,4.941355
16122,-8.892047,-1.399851,4.857604,12.04,3.57,-2.24,74.933945,-128.242432,67.88578,53,1.06,-0.284756999999999,-0.1244309999999999,-0.021535,-8.7496685,-1.3376354999999995,4.8683715
16142,-8.655149,-1.347207,4.737958,5.25,0.91,-2.87,75.132675,-126.679451,68.441887,54,1.08,0.236898,0.0526439999999999,-0.1196460000000003,-8.773598,-1.3735289999999996,4.7977810000000005
16162,-8.736507,-1.354386,4.776245,2.45,1.47,-2.17,75.702988,-128.87645,70.011215,55,1.1,-0.0813579999999998,-0.007179,0.0382870000000004,-8.695827999999999,-1.3507964999999995,4.7571015
16182,-8.726935,-1.383101,4.795388,1.96,-2.24,-2.94,78.387901,-127.735466,70.756226,56,1.12,0.0095720000000003,-0.0287149999999998,0.0191429999999996,-8.731721,-1.3687434999999994,4.7858165
16202,-8.542682,-1.320885,4.651814,4.62,-5.95,-3.36,75.59256,-126.740204,69.829895,57,1.14,0.184253,0.0622159999999998,-0.1435740000000001,-8.634808499999998,-1.3519929999999996,4.723601
16222,-8.45893,-1.316099,4.685314,4.2,-0.56,-1.61,74.951462,-129.558884,68.773788,58,1.16,0.0837519999999987,0.0047860000000001,0.0335,-8.500806,-1.3184919999999996,4.668564
16242,-8.552254,-1.342421,4.852818,4.83,0.07,0.28,77.923729,-127.395828,70.398987,59,1.18,-0.093323999999999,-0.0263220000000001,0.1675040000000001,-8.505592,-1.3292599999999997,4.7690660000000005
16262,-8.612076,-1.344814,4.833674,6.16,-2.73,-0.14,74.960022,-130.116638,66.712257,60,1.2,-0.0598220000000004,-0.0023929999999998,-0.0191439999999998,-8.582165,-1.3436174999999997,4.843246000000001
16282,-8.533111,-1.363958,4.788209,6.51,-2.66,-1.19,74.490356,-126.298553,68.934273,61,1.22,0.0789650000000001,-0.019144,-0.045465,-8.5725935,-1.3543859999999994,4.8109415
16302,-8.609683,-1.373529,4.797781,6.72,-2.1,-0.49,75.306534,-126.441849,68.623024,62,1.24,-0.0765720000000005,-0.0095709999999999,0.0095719999999994,-8.571397000000001,-1.3687434999999994,4.792995
16322,-8.7389,-1.330457,4.864782,6.09,-0.28,0.21,77.138351,-129.125748,69.677032,63,1.26,-0.1292169999999988,0.043072,0.0670010000000003,-8.674291499999999,-1.3519929999999996,4.831281499999999
16342,-8.750865,-1.318492,4.893497,3.64,-3.15,-0.84,76.205299,-128.447479,68.82222,64,1.28,-0.011965,0.011965,0.028715,-8.7448825,-1.3244744999999996,4.8791395
16362,-8.633613,-1.311314,4.82171,2.73,-2.31,-1.4,75.353195,-126.711807,68.855232,65,1.3,0.1172519999999988,0.0071779999999999,-0.0717869999999996,-8.692239,-1.3149029999999997,4.8576035
16382,-8.61447,-1.378315,4.697278,1.96,-0.77,-1.54,75.420029,-125.657387,69.322067,66,1.32,0.0191429999999996,-0.0670009999999998,-0.1244320000000005,-8.6240415,-1.3448144999999996,4.759494
16402,-8.540289,-1.284992,4.848032,2.52,-0.28,-1.47,75.685471,-127.559998,69.123207,67,1.34,0.0741810000000011,0.093323,0.150754,-8.5773795,-1.3316534999999994,4.772655
16422,-8.523539,-1.337636,4.879139,3.22,-0.14,-0.91,76.385185,-126.888466,68.817001,68,1.36,0.01675,-0.0526440000000001,0.0311070000000004,-8.531914,-1.3113139999999994,4.8635855
16442,-8.597719,-1.340029,4.82171,2.1,-1.05,0.0,75.208374,-130.422913,66.796486,69,1.38,-0.0741800000000001,-0.0023929999999998,-0.0574289999999999,-8.560628999999999,-1.3388324999999996,4.850424500000001
16462,-8.461323,-1.320885,4.663778,2.17,-1.19,0.0,76.651939,-127.470657,68.291451,70,1.4,0.1363959999999995,0.0191439999999998,-0.1579320000000006,-8.529520999999999,-1.3304569999999996,4.742744
16482,-8.420644,-1.366351,4.776245,1.26,0.91,1.05,74.939545,-127.20089,66.528328,71,1.42,0.0406790000000008,-0.045466,0.1124670000000005,-8.4409835,-1.3436179999999998,4.7200115
16502,-8.707792,-1.277813,4.725994,0.49,1.33,2.45,75.023888,-127.462921,67.883179,72,1.44,-0.2871480000000002,0.088538,-0.0502510000000002,-8.564218,-1.3220819999999995,4.7511195
16522,-8.791544,-1.241919,4.661385,1.96,0.42,1.4,74.994316,-128.789291,67.367882,73,1.46,-0.0837520000000004,0.035894,-0.0646089999999999,-8.749668,-1.2598659999999997,4.6936895
16542,-8.693435,-1.239526,4.778637,6.3,-0.28,-0.56,76.703323,-127.739632,68.663986,74,1.48,0.0981090000000008,0.002393,0.1172519999999996,-8.7424895,-1.2407224999999995,4.720011
16562,-8.681471,-1.261063,4.962892,4.55,3.15,2.52,76.505028,-129.022736,69.278984,75,1.5,0.0119639999999989,-0.0215370000000001,0.1842550000000002,-8.687453,-1.2502944999999994,4.8707645
16582,-8.621648,-1.165346,4.883925,2.52,1.19,2.73,74.815849,-124.507881,68.268211,76,1.52,0.0598229999999997,0.095717,-0.0789670000000004,-8.651559500000001,-1.2132044999999996,4.9234085
16602,-8.667113,-1.194061,4.76428,-0.14,1.4,3.5,74.499352,-126.576439,68.043831,77,1.54,-0.045465,-0.028715,-0.1196449999999993,-8.6443805,-1.1797034999999996,4.8241025
16622,-8.640791,-1.155775,4.6901,-0.63,2.8,4.13,73.322655,-125.590897,67.245117,78,1.56,0.0263220000000004,0.038286,-0.0741800000000001,-8.653952,-1.1749179999999997,4.72719
16642,-8.695828,-1.21799,4.752316,0.35,2.1,4.2,76.447304,-125.835037,69.143509,79,1.58,-0.0550370000000004,-0.0622149999999999,0.0622160000000002,-8.6683095,-1.1868824999999994,4.721208000000001
16662,-8.540289,-1.206026,4.812138,0.49,0.0,2.45,75.328331,-128.037186,68.48027,80,1.6,0.1555390000000009,0.0119639999999998,0.0598219999999996,-8.6180585,-1.2120079999999995,4.782227000000001
16682,-8.444572,-1.208419,4.697278,3.99,0.14,1.96,73.275093,-126.361481,68.510696,81,1.62,0.0957169999999987,-0.0023929999999998,-0.1148600000000001,-8.492430500000001,-1.2072224999999994,4.754708
16702,-8.626433,-1.237134,4.790602,3.92,3.01,3.01,73.839951,-124.599213,68.819305,82,1.64,-0.1818609999999996,-0.028715,0.0933239999999999,-8.5355025,-1.2227764999999997,4.74394
16722,-8.497216,-1.665464,5.04425,6.79,2.24,-0.7,75.583138,-126.742188,69.549232,83,1.66,0.1292170000000005,-0.4283300000000001,0.2536480000000001,-8.5618245,-1.4512989999999997,4.917426
16742,-8.674292,-1.234741,4.625491,0.63,2.31,2.17,73.783867,-124.33123,68.306442,84,1.68,-0.1770759999999995,0.4307229999999999,-0.4187589999999996,-8.585754,-1.4501024999999996,4.8348705
16762,-8.671899,-1.172525,4.816924,2.87,4.83,3.22,75.691925,-125.958717,70.107948,85,1.7,0.0023929999999996,0.062216,0.1914329999999999,-8.673095499999999,-1.2036329999999995,4.7212075
16782,-8.810688,-1.153382,4.807353,6.02,2.03,0.07,74.01841,-128.880615,67.918976,86,1.72,-0.1387890000000009,0.0191430000000001,-0.0095710000000002,-8.741293500000001,-1.1629534999999995,4.8121385
16802,-8.664721,-1.129453,4.603955,4.97,-1.19,-0.21,74.050522,-129.433426,66.55909,87,1.74,0.1459670000000006,0.0239289999999998,-0.2033979999999999,-8.7377045,-1.1414174999999995,4.705654
16822,-8.576182,-1.112702,4.694886,5.25,1.47,1.12,73.397575,-125.854912,68.319305,88,1.76,0.0885390000000008,0.0167509999999999,0.0909310000000003,-8.6204515,-1.1210774999999995,4.6494205
16842,-8.420644,-1.335243,4.89589,6.44,0.7,-1.68,74.442368,-127.349007,69.028755,89,1.78,0.1555379999999999,-0.2225409999999998,0.2010039999999993,-8.498413,-1.2239724999999997,4.795388
16862,-8.47568,-1.239526,4.618313,5.11,0.91,0.56,75.446526,-127.251732,69.319641,90,1.8,-0.0550360000000011,0.095717,-0.2775769999999999,-8.448162,-1.2873844999999997,4.757101499999999
16882,-8.513967,-1.20124,4.7236,5.74,1.75,2.03,74.57296,-128.160858,69.444702,91,1.82,-0.0382869999999986,0.0382859999999998,0.1052870000000005,-8.494823499999999,-1.2203829999999996,4.6709565
16902,-8.461323,-1.282599,4.771459,8.05,2.24,0.56,74.305763,-127.858551,68.799156,92,1.84,0.052643999999999,-0.0813589999999999,0.0478589999999998,-8.487645,-1.2419194999999996,4.747529500000001
16922,-8.602505,-1.20124,4.70685,5.88,4.34,4.48,72.844246,-129.774231,65.245087,93,1.86,-0.1411820000000005,0.0813589999999999,-0.0646089999999999,-8.531914,-1.2419194999999996,4.7391545
16942,-8.746079,-1.150989,4.742744,5.39,5.25,3.99,73.391121,-127.456184,67.334564,94,1.88,-0.1435739999999992,0.050251,0.0358939999999998,-8.674292000000001,-1.1761144999999995,4.724797000000001
16962,-8.968619,-1.213204,4.807353,5.95,4.06,3.57,73.031883,-125.77433,69.737892,95,1.9,-0.2225400000000004,-0.0622149999999999,0.0646089999999999,-8.857349,-1.1820964999999997,4.7750485000000005
16982,-8.968619,-1.356779,4.929391,-1.26,-10.78,-1.61,73.947411,-125.136154,69.704704,96,1.92,0.0,-0.143575,0.1220379999999998,-8.968619,-1.2849914999999994,4.868372
17002,-8.485252,-1.313707,5.025107,-4.48,-3.57,3.92,73.869415,-127.792847,68.112801,97,1.94,0.4833670000000012,0.043072,0.0957160000000003,-8.7269355,-1.3352429999999995,4.9772490000000005
17022,-8.645576,-1.378315,5.104073,10.22,-1.96,8.75,73.233139,-126.09053,68.418823,98,1.96,-0.160324000000001,-0.064608,0.0789659999999994,-8.565414,-1.3460109999999994,5.06459
17042,-9.45438,-2.079437,5.580262,8.89,-0.63,10.01,74.194016,-127.042725,68.944519,99,1.98,-0.8088040000000003,-0.701122,0.4761890000000006,-9.049978,-1.7288759999999996,5.3421675
17062,-9.995177,-2.452731,5.774087,-5.39,-14.0,6.09,74.032646,-124.357643,69.561768,100,2.0,-0.5407969999999995,-0.373294,0.1938249999999994,-9.7247785,-2.266084,5.6771745
17082,-9.99757,-2.938491,5.501296,-10.5,-28.77,-2.59,72.609238,-125.985527,68.30143,101,2.02,-0.0023929999999996,-0.4857599999999999,-0.2727909999999998,-9.9963735,-2.6956109999999995,5.6376915
17102,-10.95234,-3.460145,5.501296,-22.469999,-34.650002,-3.43,76.594971,-128.243225,69.276375,102,2.04,-0.95477,-0.5216539999999998,0.0,-10.474955,-3.1993179999999994,5.501296
17122,-10.923625,-3.149067,5.183039,-25.34,-28.98,-13.3,77.780228,-129.78653,68.013557,103,2.06,0.028715,0.3110779999999997,-0.318257,-10.9379825,-3.304606,5.3421675
17142,-9.389771,-2.988742,5.716658,-16.66,-3.29,-16.24,75.816833,-131.851318,66.819572,104,2.08,1.5338539999999998,0.1603250000000002,0.5336189999999998,-10.156698,-3.0689044999999995,5.4498485
17162,-12.323477,-4.118195,6.523067,-7.77,-15.05,-2.17,77.340385,-132.921402,65.638382,105,2.1,-2.933706000000001,-1.1294530000000005,0.8064090000000004,-10.856624,-3.5534685,6.1198625
17182,-11.586461,-2.974385,6.326849,-34.720001,-20.719999,-22.049999,79.498123,-133.53476,67.197426,106,2.12,0.7370160000000006,1.1438100000000002,-0.196218,-11.954969,-3.546289999999999,6.424958
17202,-10.476151,-1.627177,4.948534,-58.099998,6.79,-27.23,79.011177,-136.679535,63.418949,107,2.14,1.11031,1.3472079999999995,-1.3783149999999995,-11.031306,-2.300780999999999,5.637691500000001
17222,-11.49553,-0.894948,4.898283,-48.16,35.279999,-17.290001,83.52877,-137.662704,67.560165,108,2.16,-1.0193790000000007,0.7322290000000001,-0.0502510000000002,-10.9858405,-1.261062499999999,4.923408500000001
17242,-11.450066,-0.184254,4.422094,-34.790001,41.580002,-18.27,82.894135,-138.880096,67.4888,109,2.18,0.0454640000000008,0.7106939999999999,-0.4761889999999997,-11.472798,-0.5396009999999991,4.6601885
17262,-11.299312,0.119645,5.010749,-26.110001,37.099998,-30.799999,83.932899,-141.695602,68.384605,110,2.2,0.1507539999999991,0.303899,0.5886549999999993,-11.374689,-0.0323044999999991,4.7164215
17282,-9.904246,0.581477,4.797781,-30.309999,41.02,-44.029999,83.267929,-140.279114,66.677559,111,2.22,1.395066,0.461832,-0.212968,-10.601779,0.3505610000000009,4.904265
17302,-9.136123,0.665228,4.754708,-24.219999,46.689999,-41.720001,83.217842,-139.170517,69.818314,112,2.24,0.768123000000001,0.083751,-0.0430729999999996,-9.5201845,0.6233525000000009,4.7762445
17322,-9.045193,0.902126,4.601563,-26.32,54.740002,-38.849998,83.963654,-144.049637,71.191391,113,2.26,0.0909300000000001,0.2368979999999999,-0.1531450000000003,-9.090658,0.7836770000000008,4.6781355
17342,-8.820259,0.906912,4.424487,-22.889999,62.369999,-39.41,79.632843,-139.626297,69.20079,114,2.28,0.2249339999999993,0.004786,-0.1770759999999995,-8.932725999999999,0.904519000000001,4.513025
17362,-7.810452,0.878197,3.804724,-17.92,47.810001,-46.27,84.509102,-147.571991,72.385757,115,2.3,1.0098070000000003,-0.028715,-0.6197629999999998,-8.315355499999999,0.8925545000000009,4.1146055
17381,-6.680999,0.868626,3.161031,-12.25,40.599998,-42.77,84.181091,-147.48349,74.926987,116,2.32,1.1294529999999998,-0.0095709999999999,-0.6436930000000003,-7.2457255,0.8734115000000009,3.4828775
17401,-6.336421,0.65805,2.656128,-2.52,44.52,-32.549999,82.211769,-146.349686,75.141167,117,2.34,0.3445780000000003,-0.2105759999999999,-0.5049030000000001,-6.50871,0.763338000000001,2.9085795
17421,-6.092344,0.294328,2.390515,9.94,46.619999,-24.290001,79.724266,-147.248108,75.278938,118,2.36,0.2440769999999998,-0.363722,-0.2656129999999996,-6.214382499999999,0.4761890000000008,2.5233215
17441,-5.620941,-0.184254,2.474267,15.26,43.259998,-18.969999,80.163139,-149.192993,74.090126,119,2.38,0.4714029999999996,-0.4785819999999999,0.083752,-5.8566425,0.0550370000000008,2.432391
17461,-4.816924,-0.490546,2.005257,15.12,38.5,-14.35,82.353951,-145.279404,77.853287,120,2.4,0.804017,-0.306292,-0.4690100000000003,-5.2189325,-0.3373999999999991,2.239762
17481,-4.527382,-0.839911,1.639142,19.18,26.389999,-7.98,78.228539,-146.45195,76.13102,121,2.42,0.2895419999999999,-0.349365,-0.3661149999999997,-4.672153,-0.6652284999999991,1.8221995
17501,-4.079908,-1.500353,1.655892,26.18,20.09,-0.98,78.981277,-148.969101,75.819962,122,2.44,0.4474740000000006,-0.6604420000000001,0.0167499999999998,-4.303645,-1.1701319999999993,1.647517
17521,-4.362271,-2.175153,1.902362,34.09,12.46,6.79,80.068138,-146.214142,77.843079,123,2.46,-0.2823630000000001,-0.6747999999999998,0.2464700000000002,-4.2210895,-1.8377529999999995,1.779127
17541,-4.314413,-2.49341,1.828182,34.93,-4.83,8.19,80.366547,-148.109818,78.626534,124,2.48,0.0478579999999997,-0.318257,-0.0741800000000001,-4.338342,-2.3342814999999995,1.865272
17561,-4.211518,-2.974385,1.986114,41.580002,-23.309999,14.0,78.924408,-145.22168,78.02668,125,2.5,0.1028950000000001,-0.4809749999999999,0.1579319999999999,-4.2629655,-2.7338974999999994,1.907148
17581,-4.362271,-3.457752,2.297192,48.860001,-28.49,27.09,78.854187,-144.956665,77.092819,126,2.52,-0.1507529999999999,-0.4833670000000003,0.3110779999999999,-4.2868945,-3.2160685,2.141653
17601,-5.594619,-3.790366,3.558254,53.830002,-29.75,45.080002,80.601341,-143.138412,76.84269,127,2.54,-1.232348,-0.3326139999999999,1.261062,-4.978445,-3.624059,2.927723
17621,-7.171546,-3.888476,3.948298,44.73,-40.25,51.029999,79.819031,-141.947617,76.638466,128,2.56,-1.5769270000000004,-0.0981099999999997,0.390044,-6.3830825,-3.8394209999999993,3.753276
17641,-7.829595,-3.833439,4.082301,40.810001,-43.049999,50.610001,77.203156,-139.673218,74.535812,129,2.58,-0.6580490000000001,0.055037,0.1340030000000003,-7.5005705,-3.860957499999999,4.0152995
17661,-8.525931,-4.158874,5.053822,47.25,-37.73,54.599998,78.46772,-137.23941,74.538216,130,2.6,-0.6963359999999996,-0.3254350000000001,0.971521,-8.177763,-3.9961564999999992,4.568061500000001
17681,-9.337128,-4.513025,6.118666,47.389999,-36.540001,58.240002,80.011429,-136.985123,73.591652,131,2.62,-0.811197,-0.3541509999999999,1.064844,-8.9315295,-4.3359495,5.586244000000001
17701,-9.231839,-4.580026,6.456066,30.17,-43.189999,54.32,79.343498,-133.969315,72.588684,132,2.64,0.105288999999999,-0.0670010000000003,0.3373999999999997,-9.2844835,-4.5465255,6.2873660000000005
17721,-9.976034,-4.340735,6.463245,19.74,-45.080002,56.490002,79.923805,-130.883652,72.991592,133,2.66,-0.7441949999999995,0.2392910000000006,0.0071789999999998,-9.6039365,-4.460380499999999,6.4596555
17741,-10.746551,-3.965049,6.736036,14.28,-40.18,54.529999,80.927536,-131.066254,72.111382,134,2.68,-0.7705169999999999,0.3756859999999995,0.2727910000000006,-10.3612925,-4.152891999999999,6.5996405
17761,-9.932961,-3.522361,6.271812,0.42,-34.650002,49.98,79.873314,-129.574158,71.121269,135,2.7,0.8135899999999996,0.4426879999999999,-0.4642240000000006,-10.339756,-3.743705,6.503924
17781,-10.102858,-3.041386,6.695357,-9.73,-29.610001,56.209999,78.204185,-128.254913,69.123337,136,2.72,-0.1698969999999988,0.4809749999999999,0.4235449999999998,-10.0179095,-3.281873499999999,6.483584499999999
17801,-11.251453,-2.438373,6.635534,-25.690001,-25.9,58.52,78.021339,-128.214645,69.832634,137,2.74,-1.1485950000000005,0.6030130000000002,-0.0598229999999997,-10.6771555,-2.739879499999999,6.6654455
17821,-11.962148,-1.713322,5.972699,-49.139999,-21.42,47.110001,77.434364,-124.141441,69.717484,138,2.76,-0.7106949999999994,0.7250509999999999,-0.6628349999999994,-11.6068005,-2.075847499999999,6.3041165
17841,-11.213167,-1.146203,4.934176,-55.720001,-12.39,37.66,76.001534,-125.771317,68.176491,139,2.78,0.7489809999999988,0.5671189999999999,-1.0385230000000003,-11.5876575,-1.4297624999999992,5.4534375
17861,-11.158131,-0.650871,4.613527,-45.5,-1.19,36.75,78.82502,-131.280624,68.723007,140,2.8,0.0550360000000011,0.4953320000000001,-0.3206489999999995,-11.185649,-0.8985369999999991,4.7738515
17881,-11.213167,-0.325435,5.022714,-41.509998,0.84,32.759998,75.670906,-127.842842,67.53112,141,2.82,-0.0550360000000011,0.325436,0.4091869999999993,-11.185649,-0.488152999999999,4.8181205
17901,-11.182059,0.196218,4.972463,-52.779999,-3.64,26.110001,75.525192,-132.594513,66.970161,142,2.84,0.0311079999999996,0.5216529999999999,-0.0502509999999993,-11.197613,-0.0646084999999991,4.9975885
17921,-11.904717,0.406794,4.948534,-55.02,2.66,18.059999,76.19017,-134.011002,68.677208,143,2.86,-0.7226579999999991,0.2105759999999999,-0.0239289999999998,-11.543388,0.3015060000000009,4.9604985
17941,-10.916447,1.088773,3.902833,-56.209999,6.37,5.67,76.450478,-136.194473,67.166924,144,2.88,0.98827,0.681979,-1.0457010000000002,-11.410582,0.7477835000000008,4.4256835
17961,-10.961912,1.55539,3.689864,-42.490002,9.66,7.14,74.086769,-135.2659,66.786621,145,2.9,-0.045465,0.466617,-0.2129690000000001,-10.9391795,1.3220815000000008,3.7963485
17981,-11.33042,1.615213,4.005728,-31.01,20.51,7.21,77.02681,-137.070053,68.549896,146,2.92,-0.3685080000000003,0.0598229999999999,0.3158640000000003,-11.146166,1.585301500000001,3.847796
18001,-11.426136,1.679821,4.175625,-24.360001,22.469999,1.47,77.693428,-141.406281,69.879555,147,2.94,-0.0957159999999994,0.064608,0.1698969999999997,-11.378278,1.647517000000001,4.090676500000001
18021,-11.081557,1.890397,3.864547,-23.73,22.889999,-12.6,79.166893,-141.367752,71.839111,148,2.96,0.3445789999999995,0.2105760000000001,-0.3110780000000002,-11.2538465,1.7851090000000012,4.020086
18041,-10.397185,1.861683,3.869332,-19.389999,26.6,-24.57,80.407784,-143.939713,73.758041,149,2.98,0.6843719999999998,-0.0287140000000001,0.004785,-10.739371,1.876040000000001,3.8669395
18061,-10.153109,1.608034,4.189982,-11.76,24.57,-29.82,80.55381,-143.428192,74.268295,150,3.0,0.2440759999999997,-0.253649,0.3206499999999996,-10.275147,1.734858500000001,4.029657
18081,-9.722385,1.402244,4.209126,-10.64,17.57,-37.450001,81.723732,-141.774872,74.132973,151,3.02,0.4307240000000014,-0.2057899999999999,0.0191440000000007,-9.937747,1.5051390000000011,4.199554
18101,-9.466345,1.237134,4.256983,-6.37,19.32,-41.439999,81.271935,-143.032578,73.35231,152,3.04,0.2560399999999987,-0.1651100000000001,0.0478569999999995,-9.594365,1.319689000000001,4.2330545
18121,-9.641026,0.813589,4.510632,-7.21,18.83,-52.5,84.45388,-146.744278,74.21508,153,3.06,-0.1746809999999996,-0.4235449999999999,0.2536490000000002,-9.5536855,1.025361500000001,4.3838075
18141,-8.056922,0.689158,3.993764,-9.45,16.1,-61.950001,81.47187,-144.669189,72.359932,154,3.08,1.584104,-0.1244309999999999,-0.5168680000000001,-8.848974,0.751373500000001,4.252198
18161,-7.264869,0.437902,3.622863,-1.19,17.710001,-55.16,83.165871,-144.663025,74.732826,155,3.1,0.7920530000000001,-0.251256,-0.3709009999999999,-7.6608955,0.563530000000001,3.8083135
18181,-7.047114,-0.045465,3.984192,10.36,21.98,-44.799999,83.41169,-143.090134,76.692238,156,3.12,0.2177550000000003,-0.483367,0.361329,-7.1559915,0.196218500000001,3.8035275
18201,-6.685785,-0.303899,3.97462,16.59,19.530001,-36.959999,81.000465,-142.45137,73.737534,157,3.14,0.3613289999999995,-0.258434,-0.0095720000000003,-6.8664495,-0.1746819999999989,3.979406
18221,-6.472816,-0.550369,3.653971,24.219999,16.17,-32.689999,81.332733,-143.299561,74.005508,158,3.16,0.2129690000000001,-0.24647,-0.3206489999999999,-6.5793005,-0.427133999999999,3.8142955
18241,-6.061236,-0.933234,3.756866,26.530001,10.92,-29.33,80.446785,-142.611374,74.553993,159,3.18,0.4115799999999998,-0.382865,0.1028950000000001,-6.267026,-0.741801499999999,3.7054185
18261,-5.546761,-1.280206,3.560647,30.66,4.27,-24.57,81.902618,-145.776413,74.40374,160,3.2,0.514475,-0.3469719999999999,-0.1962190000000001,-5.8039985000000005,-1.1067199999999988,3.6587565
18281,-5.333792,-1.52189,3.323749,35.07,-1.33,-14.98,80.287041,-142.845993,74.793839,161,3.22,0.2129690000000001,-0.241684,-0.236898,-5.4402765,-1.401047999999999,3.442198
18301,-6.09713,-1.598463,3.618077,52.290001,-1.61,-5.04,81.610672,-142.27948,74.605034,162,3.24,-0.7633380000000001,-0.076573,0.2943280000000001,-5.715461,-1.560176499999999,3.470913
18321,-6.034914,-2.158403,3.742508,67.550003,-2.73,-2.94,79.439232,-141.389206,73.796089,163,3.26,0.0622160000000002,-0.5599399999999999,0.1244309999999999,-6.066022,-1.878432999999999,3.6802925
18341,-5.939198,-3.01985,3.618077,67.410004,-6.44,3.71,80.087997,-140.168839,74.288445,164,3.28,0.0957159999999994,-0.8614470000000001,-0.1244309999999999,-5.987056,-2.589126499999999,3.6802925
18361,-6.77193,-3.156246,4.03205,48.650002,-7.35,12.32,80.347878,-142.632202,71.607063,165,3.3,-0.832732,-0.1363959999999999,0.4139729999999999,-6.355564,-3.088047999999999,3.8250635
18381,-8.320142,-3.304606,4.769066,38.639999,-11.97,17.08,80.804375,-141.373505,72.528053,166,3.32,-1.5482120000000004,-0.1483600000000002,0.7370159999999997,-7.546036000000001,-3.230425999999999,4.400558
18401,-9.43763,-3.388358,5.211754,30.870001,-30.450001,8.54,80.408348,-138.659027,72.310959,167,3.34,-1.1174879999999998,-0.083752,0.4426880000000004,-8.878886000000001,-3.346481999999999,4.99041
18421,-9.449594,-3.144281,4.335949,21.210001,-39.34,-3.29,80.323227,-134.917557,73.675697,168,3.36,-0.0119639999999989,0.2440770000000003,-0.8758049999999997,-9.443612,-3.266319499999999,4.7738515
18441,-8.726935,-3.058136,4.158874,18.200001,-26.880001,-5.67,81.001923,-136.130142,70.792671,169,3.38,0.7226590000000002,0.0861449999999997,-0.1770750000000003,-9.0882645,-3.1012085,4.2474115
18461,-9.17441,-3.244783,5.082537,21.629999,-14.42,0.28,79.927971,-135.682541,70.739021,170,3.4,-0.4474750000000007,-0.1866469999999997,0.9236630000000003,-8.9506725,-3.151459499999999,4.6207055
18481,-9.753493,-3.220854,5.518046,10.5,-15.190001,2.17,80.151466,-137.314194,70.448288,171,3.42,-0.5790830000000007,0.0239289999999998,0.4355089999999997,-9.4639515,-3.232818499999999,5.3002915
18501,-9.691278,-2.742273,4.864782,-3.71,-21.07,-1.26,81.075203,-133.474442,72.244247,172,3.44,0.0622150000000001,0.4785810000000001,-0.6532640000000001,-9.7223855,-2.981563499999999,5.191414
18521,-8.834617,-2.708772,4.029657,-2.66,-19.950001,-0.7,77.208458,-133.910751,69.389091,173,3.46,0.8566610000000008,0.0335009999999997,-0.8351249999999997,-9.2629475,-2.7255224999999994,4.4472195
18541,-8.322535,-2.933705,4.59199,12.11,-7.07,13.72,76.970413,-132.561951,68.087738,174,3.48,0.5120819999999995,-0.2249329999999996,0.5623329999999997,-8.578576,-2.821238499999999,4.3108235
18561,-9.954497,-2.536483,6.707321,14.98,3.57,36.470001,77.535583,-135.03981,68.345642,175,3.5,-1.6319619999999997,0.3972219999999997,2.1153310000000003,-9.138516,-2.7350939999999992,5.6496555
18581,-11.533817,-1.502746,6.231133,-11.69,-7.28,38.57,78.004898,-135.098572,70.014313,176,3.52,-1.579320000000001,1.033737,-0.4761880000000005,-10.744157,-2.019614499999999,6.469227
18601,-11.153344,-0.634121,5.173467,-25.76,-5.11,25.48,77.10099,-133.37381,68.503693,177,3.54,0.3804730000000003,0.8686249999999999,-1.0576660000000002,-11.343580500000002,-1.0684334999999991,5.702299999999999
18621,-10.397185,-0.579084,4.457988,-21.629999,-3.64,9.17,77.737267,-135.076126,68.197662,178,3.56,0.7561590000000002,0.055037,-0.7154789999999993,-10.7752645,-0.6066024999999992,4.8157275
18641,-8.825045,-0.686765,4.280912,-12.53,-2.66,-1.47,74.889236,-135.132309,67.225479,179,3.58,1.572140000000001,-0.1076809999999999,-0.1770760000000004,-9.611115,-0.6329244999999991,4.3694500000000005
18661,-8.399107,-1.072023,4.491488,-6.79,0.98,0.7,77.303001,-137.650253,68.305008,180,3.6,0.4259379999999986,-0.385258,0.2105760000000005,-8.612076,-0.8793939999999991,4.3862000000000005
18681,-8.363214,-0.899733,4.288091,-8.33,1.96,6.16,76.739037,-138.371994,66.498619,181,3.62,0.0358930000000015,0.1722899999999999,-0.2033970000000007,-8.3811605,-0.9858779999999993,4.3897895
18701,-8.679078,-0.571905,4.046408,-10.43,-1.54,9.8,74.659294,-135.101944,66.531479,182,3.64,-0.3158640000000012,0.327828,-0.2416830000000001,-8.521146,-0.735818999999999,4.1672495
18721,-8.77958,-0.356543,3.981799,-7.77,-1.12,8.75,77.304749,-136.049973,69.149422,183,3.66,-0.1005019999999987,0.215362,-0.0646089999999994,-8.729329,-0.4642239999999989,4.0141035
18741,-8.832224,-0.227326,4.008121,-1.33,-1.75,8.19,75.391975,-134.423477,67.207581,184,3.68,-0.0526440000000008,0.129217,0.0263219999999999,-8.805902,-0.291934499999999,3.99496
18761,-9.114587,-0.430723,4.194768,4.34,-1.33,4.27,75.136711,-136.479126,68.807495,185,3.7,-0.2823630000000001,-0.203397,0.1866469999999997,-8.9734055,-0.329024499999999,4.1014445
18781,-8.506788,-0.605406,4.424487,2.52,-1.61,0.28,76.805077,-133.838104,69.685043,186,3.72,0.607799,-0.1746829999999999,0.2297190000000002,-8.8106875,-0.518064499999999,4.3096275
18801,-8.597719,-0.796838,4.434059,3.71,-1.47,2.59,73.968559,-136.051361,65.947243,187,3.74,-0.0909309999999994,-0.191432,0.0095720000000003,-8.552253499999999,-0.701121999999999,4.429273
18821,-8.868117,-1.024165,4.91264,6.93,-1.4,2.94,75.883522,-135.797684,69.904587,188,3.76,-0.2703980000000001,-0.2273269999999999,0.4785809999999992,-8.732918,-0.910501499999999,4.6733495000000005
18841,-8.786758,-1.08638,5.077751,3.22,-2.1,1.05,77.664848,-137.172073,69.08828,189,3.78,0.081358999999999,-0.0622149999999999,0.1651110000000004,-8.8274375,-1.0552724999999987,4.9951955
18861,-8.959048,-1.079202,4.91264,0.0,-3.64,2.94,76.365669,-136.6931,68.480957,190,3.8,-0.1722899999999985,0.0071779999999999,-0.1651110000000004,-8.872903,-1.082790999999999,4.9951955
18881,-9.32277,-1.220383,4.742744,-0.07,0.77,3.43,75.858215,-137.402939,68.358528,191,3.82,-0.363722000000001,-0.141181,-0.1698959999999996,-9.140909,-1.1497924999999989,4.827692
18901,-9.227054,-1.347207,4.78103,0.07,0.77,1.26,72.76622,-132.911728,67.493156,192,3.84,0.0957159999999994,-0.126824,0.0382860000000002,-9.274912,-1.283794999999999,4.761887
18921,-8.813081,-1.39028,4.6901,0.42,-1.68,-1.47,76.312645,-133.504425,68.485817,193,3.86,0.4139730000000003,-0.0430729999999999,-0.0909300000000001,-9.0200675,-1.368743499999999,4.735565
18941,-8.729329,-1.725287,4.89589,1.47,-2.87,-2.59,74.720093,-135.368927,67.184669,194,3.88,0.0837520000000004,-0.335007,0.2057899999999994,-8.771205,-1.5577834999999989,4.792995
18961,-8.504395,-2.091402,5.104073,-0.28,-3.01,-3.43,75.3097,-136.801285,66.646439,195,3.9,0.2249339999999993,-0.3661149999999999,0.208183,-8.616862000000001,-1.9083444999999988,4.9999815
18981,-8.375178,-2.359407,5.142359,-5.74,-6.93,-1.12,76.42308,-135.640671,68.667137,196,3.92,0.1292170000000005,-0.268005,0.0382860000000002,-8.4397865,-2.225404499999999,5.123215999999999
19001,-8.659934,-2.610663,5.075358,-7.42,-5.88,2.66,76.165298,-135.336365,68.302246,197,3.94,-0.2847559999999998,-0.2512560000000001,-0.0670010000000003,-8.517555999999999,-2.485034999999999,5.1088585
19021,-9.069121,-3.098816,5.187825,-6.51,-4.48,5.46,77.47818,-136.092239,68.159462,198,3.96,-0.4091870000000011,-0.4881529999999996,0.1124670000000005,-8.864527500000001,-2.854739499999999,5.1315915
19041,-9.291662,-3.290249,5.094501,-12.53,-8.89,3.57,76.592224,-135.404053,68.707947,199,3.98,-0.2225409999999996,-0.1914330000000004,-0.0933239999999999,-9.1803915,-3.194532499999999,5.141163000000001
19061,-8.619255,-3.156246,4.678135,-21.84,-9.38,1.82,75.465584,-136.007889,68.608452,200,4.0,0.6724069999999998,0.1340030000000003,-0.416366,-8.9554585,-3.223247499999999,4.886318
19081,-8.363214,-2.854739,4.869568,-22.33,-3.85,6.16,75.834663,-137.407898,67.656876,201,4.02,0.2560410000000015,0.3015069999999999,0.1914329999999999,-8.491234500000001,-3.005492499999999,4.7738515
19101,-8.743686,-2.079437,5.089715,-21.84,2.66,16.52,75.589279,-138.700912,66.868568,202,4.04,-0.380472000000001,0.7753019999999999,0.2201469999999998,-8.55345,-2.4670879999999986,4.9796415
19121,-10.569475,-1.191668,4.651814,-23.940001,8.47,24.5,76.134399,-137.983139,68.11364,203,4.06,-1.8257890000000003,0.887769,-0.4379010000000001,-9.6565805,-1.6355524999999989,4.8707645
19141,-11.883182,-0.038287,4.118195,-26.18,15.4,18.620001,79.304398,-139.817657,70.570923,204,4.08,-1.313706999999999,1.153381,-0.5336189999999998,-11.2263285,-0.6149774999999988,4.3850045
19161,-13.16578,1.947827,2.347443,-6.3,19.809999,4.48,78.1576,-141.745911,70.236801,205,4.1,-1.282598,1.986114,-1.770752,-12.524481,0.9547700000000012,3.232819
19181,-12.677627,2.948063,1.608034,26.25,53.200001,-22.4,76.584312,-143.326553,70.668068,206,4.12,0.4881530000000005,1.000236,-0.7394090000000002,-12.9217035,2.447945000000001,1.9777385
19201,-12.088972,3.005492,3.555861,57.959999,68.389999,-48.650002,79.366837,-143.004379,70.846725,207,4.14,0.5886549999999993,0.0574289999999999,1.947827,-12.3832995,2.9767775000000007,2.5819475
19221,-10.634084,2.711165,4.587205,47.32,54.950001,-67.830002,78.684311,-140.752213,72.091644,208,4.16,1.4548880000000004,-0.294327,1.0313439999999998,-11.361528,2.8583285000000007,4.0715330000000005
19241,-8.566611,1.866468,4.950927,30.380001,27.23,-78.889999,81.610672,-142.27948,74.605034,209,4.18,2.067473,-0.8446969999999998,0.3637220000000001,-9.6003475,2.288816500000001,4.7690660000000005
19261,-6.709714,1.734858,3.493646,27.440001,12.6,-67.199997,80.221542,-142.580002,74.00032,210,4.2,1.856897,-0.13161,-1.457281,-7.6381625,1.800663000000001,4.2222865
19281,-6.252669,0.945199,3.898047,30.450001,21.629999,-52.009998,80.567078,-143.98497,72.347092,211,4.22,0.4570449999999999,-0.789659,0.404401,-6.4811915,1.3400285000000012,3.6958465
19301,-4.156481,0.299114,3.876511,25.690001,20.719999,-36.259998,80.795387,-141.095612,73.418488,212,4.24,2.096188,-0.646085,-0.0215360000000002,-5.204575,0.6221565000000011,3.887279
19321,-3.354857,-0.524047,4.223483,20.719999,9.38,-11.55,80.416336,-144.497482,71.69651,213,4.26,0.8016240000000003,-0.823161,0.346972,-3.755669,-0.1124664999999989,4.049996999999999
19341,-4.376629,-1.005021,4.249805,17.01,-8.33,10.15,80.270416,-140.488998,72.408051,214,4.28,-1.0217720000000003,-0.4809739999999999,0.0263220000000004,-3.865743,-0.7645339999999989,4.236644
19361,-5.015535,-1.215597,3.799938,16.940001,-20.370001,18.34,79.30394,-140.578339,73.239807,215,4.3,-0.6389059999999995,-0.2105760000000001,-0.4498670000000002,-4.6960820000000005,-1.1103089999999989,4.0248715
19381,-5.740586,-1.785109,3.977013,24.780001,-21.559999,22.610001,79.398598,-139.797836,73.377525,216,4.32,-0.7250510000000006,-0.569512,0.1770749999999998,-5.3780605,-1.5003529999999987,3.8884755
19401,-6.125845,-2.546054,4.522596,28.07,-22.75,23.52,79.494133,-137.976807,72.017464,217,4.34,-0.3852589999999996,-0.7609449999999998,0.5455830000000002,-5.9332155,-2.1655814999999987,4.2498045
19421,-5.838696,-3.318964,4.845639,22.610001,-29.540001,23.66,79.984383,-140.190643,71.20118,218,4.36,0.2871490000000003,-0.77291,0.3230430000000002,-5.9822705,-2.9325089999999987,4.684117500000001
19441,-5.642478,-3.438609,5.137574,19.6,-34.650002,37.380001,76.997673,-138.116531,69.205704,219,4.38,0.196218,-0.1196450000000002,0.2919349999999996,-5.740587,-3.3787864999999986,4.9916065000000005
19460,-7.250512,-3.799938,5.781266,24.290001,-24.85,58.59,78.02034,-133.775177,70.108612,220,4.4,-1.608034,-0.361329,0.6436919999999997,-6.446495,-3.6192735,5.45942
19480,-8.296212,-3.553468,6.221561,11.55,-21.700001,70.840004,77.290298,-131.81282,68.779137,221,4.42,-1.045700000000001,0.2464699999999999,0.4402950000000007,-7.773362,-3.676702999999999,6.0014135
19500,-9.509417,-3.204104,6.209597,-4.55,-27.93,75.18,75.165955,-130.912643,69.373489,222,4.44,-1.2132049999999983,0.349364,-0.0119640000000007,-8.9028145,-3.378785999999999,6.215579
19520,-10.291898,-2.931312,6.149774,-19.530001,-32.970001,73.290001,74.754478,-129.521561,69.062096,223,4.46,-0.7824810000000006,0.2727919999999999,-0.0598229999999997,-9.9006575,-3.0677079999999988,6.1796855
19540,-11.136594,-2.648949,6.156952,-30.66,-29.33,68.459999,73.66127,-129.357803,67.276031,224,4.48,-0.8446960000000008,0.2823630000000001,0.0071780000000005,-10.714246,-2.7901304999999987,6.153363000000001
19560,-11.53621,-2.254119,6.441709,-47.950001,-30.17,59.150002,73.448845,-130.643875,67.470039,225,4.5,-0.3996159999999999,0.3948299999999998,0.2847569999999999,-11.336402,-2.4515339999999988,6.299330500000001
19580,-12.21101,-1.751609,6.166524,-63.209999,-24.43,55.09,73.952477,-128.894485,65.954353,226,4.52,-0.6747999999999994,0.5025100000000002,-0.2751850000000004,-11.87361,-2.002863999999999,6.304116500000001
19600,-13.402678,-1.222776,5.300292,-72.519997,-13.79,45.009998,69.733727,-129.52713,63.767681,227,4.54,-1.191668,0.5288329999999999,-0.8662320000000001,-12.806844,-1.4871924999999986,5.733408000000001
19620,-13.350035,0.155539,3.950691,-64.610001,-2.66,26.809999,70.779839,-129.70079,64.150444,228,4.56,0.0526429999999997,1.3783150000000002,-1.3496009999999998,-13.3763565,-0.5336184999999987,4.625491500000001
19640,-13.055707,0.504904,4.776245,-37.310001,13.65,12.81,73.513924,-131.189743,67.092461,229,4.58,0.2943280000000001,0.349365,0.8255540000000003,-13.202871,0.3302215000000013,4.363468000000001
19660,-13.141851,0.808803,4.836067,-37.099998,9.8,-6.86,70.753654,-132.346588,64.102165,230,4.6,-0.0861440000000008,0.303899,0.0598219999999996,-13.098779,0.6568535000000013,4.8061560000000005
19680,-11.820966,1.478817,3.773616,-45.779999,9.17,-23.59,71.780472,-133.284897,66.592491,231,4.62,1.3208850000000003,0.670014,-1.0624509999999998,-12.4814085,1.1438100000000015,4.3048415
19700,-11.89036,1.452495,4.094266,-25.690001,19.950001,-30.450001,74.063972,-139.23111,67.20536,232,4.64,-0.069393999999999,-0.0263219999999999,0.3206500000000001,-11.855663,1.4656560000000014,3.933941000000001
19720,-10.722621,1.615213,4.390986,-16.799999,28.139999,-45.150002,75.720718,-138.953033,69.626717,233,4.66,1.1677389999999992,0.1627179999999999,0.2967199999999996,-11.3064905,1.5338540000000016,4.2426260000000005
19740,-9.629062,1.304135,4.891104,-11.13,25.200001,-54.110001,75.601631,-140.779022,70.285126,234,4.68,1.0935590000000008,-0.3110779999999999,0.5001180000000005,-10.1758415,1.4596740000000017,4.641045000000001
19760,-8.365606,1.227562,4.905462,-9.17,22.82,-54.599998,77.086617,-142.897598,69.479073,235,4.7,1.2634559999999997,-0.076573,0.0143579999999996,-8.997333999999999,1.2658485000000017,4.898283000000001
19780,-8.277069,0.930841,5.034678,-0.42,25.34,-49.139999,77.369263,-141.876526,70.218925,236,4.72,0.0885370000000005,-0.296721,0.1292160000000004,-8.321337499999998,1.0792015000000017,4.9700700000000015
19800,-7.511339,0.933234,4.982035,-0.21,25.549999,-49.209999,80.486549,-144.762482,72.630363,237,4.74,0.7657299999999987,0.0023929999999999,-0.0526430000000006,-7.894204,0.9320375000000014,5.008356500000001
19820,-6.453673,0.976306,4.577633,-0.98,28.700001,-43.82,81.214096,-144.364883,71.995041,238,4.76,1.0576660000000002,0.043072,-0.4044020000000001,-6.982506000000001,0.9547700000000016,4.779834000000001
19840,-5.900911,0.65805,4.580026,2.73,26.530001,-32.549999,79.624603,-143.308685,71.211617,239,4.78,0.5527620000000004,-0.318256,0.0023930000000005,-6.177292,0.8171780000000015,4.578829500000001
19860,-5.711872,0.433116,4.448416,3.15,21.91,-22.4,82.048218,-145.544769,73.742897,240,4.8,0.1890390000000001,-0.224934,-0.1316100000000002,-5.8063915,0.5455830000000015,4.514221000000001
19880,-6.156952,0.14836,4.127767,0.7,7.91,-19.6,82.649887,-144.334305,72.831955,241,4.82,-0.4450800000000008,-0.284756,-0.3206489999999995,-5.934412,0.2907380000000014,4.288091500000001
19900,-5.056215,-0.007179,3.058136,0.14,-1.68,-20.719999,79.814346,-141.467804,72.658157,242,4.84,1.1007370000000003,-0.1555389999999999,-1.0696310000000002,-5.6065835,0.0705905000000014,3.592951500000001
19920,-4.359879,-0.650871,2.782952,14.49,-0.07,-12.18,81.34304,-142.257034,72.788383,243,4.86,0.6963359999999996,-0.6436919999999999,-0.2751840000000003,-4.7080470000000005,-0.3290249999999985,2.920544000000001
19940,-4.058372,-1.239526,3.589362,29.4,-0.63,4.55,80.194176,-141.54541,71.660553,244,4.88,0.3015069999999999,-0.5886549999999999,0.8064100000000001,-4.209125500000001,-0.9451984999999984,3.186157000000001
19960,-4.635063,-2.053115,3.819081,31.290001,-5.95,22.610001,79.984703,-144.430786,71.150482,245,4.9,-0.5766909999999994,-0.8135890000000001,0.2297190000000002,-4.3467175000000005,-1.6463204999999983,3.704221500000001
19980,-5.943984,-2.701593,4.673349,30.450001,-10.99,37.170002,80.625809,-141.612106,72.206581,246,4.92,-1.308921000000001,-0.6484779999999999,0.8542679999999998,-5.2895235,-2.377353999999998,4.246215000000001
20000,-6.826967,-2.720737,4.536954,18.200001,-28.91,34.93,79.961693,-139.635864,72.841721,247,4.94,-0.8829829999999994,-0.0191440000000002,-0.1363950000000002,-6.3854755,-2.7111649999999985,4.605151500000001
20020,-7.016006,-2.790131,4.271341,27.719999,-45.080002,33.110001,78.17141,-137.502777,70.708496,248,4.96,-0.1890390000000001,-0.0693939999999999,-0.2656130000000001,-6.9214865,-2.755433999999999,4.4041475000000005
20040,-7.666878,-3.230426,4.879139,37.099998,-40.18,41.23,79.129326,-136.855682,71.938271,249,4.98,-0.6508719999999997,-0.4402949999999999,0.6077980000000007,-7.341442,-3.0102784999999987,4.575240000000001
20060,-8.616862,-3.661149,6.190453,33.18,-33.740002,48.369999,80.419868,-140.816101,69.545349,250,5.0,-0.9499839999999996,-0.4307229999999999,1.3113139999999994,-8.141869999999999,-3.445787499999999,5.534796000000001
20080,-9.387379,-3.551076,6.221561,9.73,-37.66,49.560001,74.622475,-134.550125,67.75103,251,5.02,-0.7705169999999999,0.1100729999999998,0.0311080000000005,-9.0021205,-3.606112499999999,6.206007000000001
20100,-10.646049,-3.158639,5.955948,-1.54,-35.560001,50.75,78.105148,-133.27655,68.794579,252,5.04,-1.2586700000000004,0.3924370000000001,-0.2656130000000001,-10.016714,-3.3548574999999987,6.088754500000001
20120,-11.4046,-2.914562,6.137809,-12.04,-22.889999,43.189999,75.30938,-132.561157,66.697144,253,5.06,-0.7585510000000006,0.2440769999999998,0.1818609999999996,-11.0253245,-3.0366004999999987,6.046878500000001
20140,-11.325634,-2.299585,5.90809,-22.68,-18.27,36.049999,74.613617,-129.271423,66.023293,254,5.08,0.0789659999999994,0.6149770000000001,-0.2297190000000002,-11.365117,-2.6070734999999985,6.022949500000001
20160,-12.560374,-1.720501,5.812374,-29.33,-14.7,33.32,75.456619,-135.249207,65.658913,255,5.1,-1.2347399999999986,0.5790839999999999,-0.0957159999999994,-11.943004000000002,-2.0100429999999987,5.860232000000001
20180,-12.502945,-0.737016,4.881533,-37.59,-6.51,23.309999,73.626556,-130.965027,65.44931,256,5.12,0.057428999999999,0.983485,-0.930841,-12.5316595,-1.2287584999999988,5.3469535000000015
20200,-12.488587,-0.136396,4.503453,-35.07,6.93,19.040001,73.3255,-131.71019,65.319237,257,5.14,0.0143579999999996,0.60062,-0.3780799999999997,-12.495766,-0.4367059999999986,4.692493000000001
20220,-12.718307,0.402009,4.603955,-28.91,14.42,9.73,73.37381,-134.899872,65.174049,258,5.16,-0.2297199999999986,0.538405,0.1005019999999996,-12.603447,0.1328065000000013,4.5537040000000015
20240,-11.87361,1.182097,4.400558,-28.700001,10.85,-6.51,71.106407,-136.110519,64.554077,259,5.18,0.844697,0.7800879999999999,-0.2033969999999998,-12.2959585,0.7920530000000012,4.502256500000001
20260,-11.943005,1.658285,4.544132,-24.360001,18.549999,-12.11,70.234146,-135.699234,64.352448,260,5.2,-0.0693950000000001,0.476188,0.1435740000000001,-11.9083075,1.420191000000001,4.472345000000001
20280,-11.89036,1.907148,4.560883,-16.52,26.18,-18.690001,72.530571,-138.442871,66.934799,261,5.22,0.052645,0.248863,0.0167509999999992,-11.9166825,1.7827165000000016,4.552507500000001
20300,-10.95234,2.404873,4.438845,-3.22,32.689999,-22.33,75.893684,-139.755966,71.305641,262,5.24,0.93802,0.4977249999999997,-0.1220379999999998,-11.42135,2.156010500000001,4.4998640000000005
20320,-11.040878,2.069865,5.40558,9.38,37.799999,-29.889999,74.662544,-141.422165,69.616669,263,5.26,-0.0885379999999997,-0.3350079999999997,0.966735,-10.996609,2.237369000000001,4.9222125000000005
20340,-9.772636,2.187118,4.826496,4.62,33.529999,-41.299999,76.760666,-145.448929,72.814011,264,5.28,1.268241999999999,0.1172529999999998,-0.5790839999999999,-10.406757,2.1284915000000013,5.1160380000000005
20360,-8.781973,2.112938,4.606348,9.59,34.09,-42.279999,77.704132,-140.564651,73.673508,265,5.3,0.9906629999999996,-0.0741799999999996,-0.220148,-9.2773045,2.1500280000000016,4.716422000000001
20380,-8.222033,2.045936,4.532168,16.379999,39.200001,-37.939999,76.733406,-139.894318,71.696045,266,5.32,0.559940000000001,-0.067002,-0.0741799999999992,-8.502003000000002,2.0794370000000013,4.569258000000001
20400,-7.46348,1.636749,4.919819,21.280001,48.16,-33.599998,78.60936,-140.969009,74.857437,267,5.34,0.758553,-0.4091870000000002,0.3876509999999999,-7.8427565,1.8413425000000008,4.725993500000001
20420,-7.209832,1.110309,5.168682,19.950001,42.490002,-35.349998,78.102371,-140.918167,72.066124,268,5.36,0.2536480000000001,-0.52644,0.248863,-7.336656,1.373529000000001,5.044250500000001
20440,-6.168917,1.007414,4.249805,16.870001,26.110001,-38.990002,78.169624,-139.583862,73.704063,269,5.38,1.0409149999999991,-0.1028949999999999,-0.9188770000000002,-6.689374500000001,1.0588615000000012,4.709243500000001
20460,-5.814767,0.540797,3.931548,19.25,17.780001,-36.959999,78.056992,-139.808594,75.347214,270,5.4,0.3541500000000006,-0.466617,-0.3182570000000004,-5.991842000000001,0.7741055000000013,4.090676500000001
20480,-5.051429,0.291935,3.491253,21.49,12.88,-35.209999,79.129189,-141.856491,74.55645,271,5.42,0.7633380000000001,-0.2488619999999999,-0.4402949999999999,-5.433098000000001,0.4163660000000013,3.7114005000000008
20500,-4.886318,-0.399616,3.385965,30.66,10.22,-28.98,78.177406,-136.66217,74.362114,272,5.44,0.1651109999999995,-0.691551,-0.1052879999999998,-4.968873500000001,-0.0538404999999986,3.438609000000001
20520,-4.599169,-1.162953,3.594148,38.43,7.42,-21.280001,80.450272,-139.410782,76.242813,273,5.46,0.2871490000000003,-0.7633369999999999,0.208183,-4.742743500000001,-0.7812844999999986,3.490056500000001
20540,-4.328771,-1.830575,3.625256,40.880001,-3.08,-14.14,78.194496,-138.258499,74.079025,274,5.48,0.2703980000000001,-0.6676220000000002,0.0311079999999996,-4.463970000000001,-1.4967639999999989,3.609702000000001
20560,-4.400558,-2.340264,3.766437,44.099998,-17.01,-4.13,78.722534,-135.944412,75.607185,275,5.5,-0.0717870000000004,-0.5096889999999998,0.141181,-4.364664500000001,-2.085419499999998,3.695846500000001
20580,-5.235683,-2.885847,4.388594,42.420002,-25.059999,10.5,80.050423,-135.656769,74.387604,276,5.52,-0.8351249999999997,-0.5455830000000002,0.6221570000000005,-4.818120500000001,-2.613055499999999,4.0775155000000005
20600,-6.401029,-3.211283,4.584812,31.219999,-35.84,17.219999,78.409996,-134.051727,74.40274,277,5.54,-1.1653460000000004,-0.3254359999999998,0.196218,-5.818356000000001,-3.048564999999998,4.486703
20620,-7.384514,-3.323749,4.441237,20.790001,-43.82,17.57,77.364761,-132.837509,72.522194,278,5.56,-0.983485,-0.1124659999999999,-0.1435750000000002,-6.892771500000001,-3.2675159999999988,4.5130245
20640,-8.176567,-3.271105,4.725994,14.77,-44.799999,17.57,77.79258,-131.864639,71.430115,279,5.58,-0.7920530000000001,0.0526439999999999,0.2847569999999999,-7.780540500000001,-3.2974269999999986,4.5836155000000005
20660,-9.038013,-3.354857,5.350543,12.46,-39.27,18.48,78.317116,-132.751129,71.269455,280,5.6,-0.861445999999999,-0.083752,0.624549,-8.607290000000003,-3.312980999999999,5.038268500000001
20680,-10.421115,-3.194532,5.750158,4.97,-31.43,17.360001,77.334435,-130.203598,70.886513,281,5.62,-1.383102000000001,0.1603249999999998,0.3996149999999998,-9.729564,-3.274694499999999,5.5503505
20700,-11.146166,-3.050958,5.673585,-4.97,-33.740002,4.41,77.992188,-129.261124,70.488434,282,5.64,-0.7250509999999988,0.1435740000000001,-0.0765729999999997,-10.7836405,-3.1227449999999988,5.711871500000001
20720,-10.473759,-2.68245,5.245255,-13.65,-30.17,-7.49,78.789955,-129.128525,70.786964,283,5.66,0.6724069999999998,0.3685080000000003,-0.4283299999999999,-10.8099625,-2.8667039999999986,5.459420000000001
20740,-10.59819,-2.278049,5.324221,-12.11,-20.790001,-7.63,77.516861,-130.523773,69.006119,284,5.68,-0.1244310000000012,0.4044009999999995,0.0789659999999994,-10.535974500000002,-2.4802494999999984,5.284738000000001
20760,-11.134201,-2.041151,5.494117,-12.04,-13.79,-8.47,76.099472,-130.830261,67.559425,285,5.7,-0.5360109999999985,0.236898,0.1698960000000005,-10.8661955,-2.159599999999999,5.409169
20780,-10.746551,-1.588891,5.396008,-20.65,-10.08,-13.79,77.330185,-129.443924,68.077301,286,5.72,0.3876499999999989,0.4522600000000001,-0.098109,-10.940376,-1.8150209999999989,5.445062500000001
20800,-10.471366,-1.081594,5.180646,-23.17,-1.54,-12.81,75.301392,-126.722717,67.3116,287,5.74,0.2751850000000004,0.5072970000000001,-0.2153619999999998,-10.6089585,-1.3352424999999988,5.288327000000001
20820,-10.555118,-0.911698,5.053822,-19.530001,8.12,-13.37,75.078117,-133.851196,66.329826,288,5.76,-0.0837520000000004,0.1698959999999999,-0.126824,-10.513242000000002,-0.9966459999999986,5.117234000000001
20840,-9.511809,-0.808803,5.135181,-18.9,11.48,-17.360001,76.967773,-135.202774,68.741112,289,5.78,1.0433090000000007,0.1028949999999999,0.0813589999999999,-10.0334635,-0.8602504999999987,5.094501500000001
20860,-8.662328,-0.899733,4.70685,-20.93,7.35,-14.28,74.446114,-132.42775,65.605087,290,5.8,0.849480999999999,-0.0909299999999999,-0.428331,-9.0870685,-0.8542679999999987,4.921015500000001
20880,-8.547467,-1.081594,5.046643,-15.89,10.01,-3.08,75.416733,-137.618103,66.360741,291,5.82,0.1148610000000012,-0.1818609999999999,0.3397930000000002,-8.6048975,-0.9906634999999986,4.876746500000001
20900,-9.219875,-1.093559,5.183039,-15.26,11.83,6.93,76.285141,-137.470627,68.764229,292,5.84,-0.6724080000000008,-0.011965,0.1363959999999995,-8.883671,-1.0875764999999986,5.114841
20920,-9.341913,-1.170132,5.285934,-17.710001,12.25,3.15,76.22435,-137.203644,68.111031,293,5.86,-0.1220379999999998,-0.076573,0.1028950000000001,-9.280894,-1.1318454999999985,5.234486500000001
20940,-8.63122,-1.043308,4.857604,-27.02,9.17,-3.22,74.243858,-137.672104,67.200142,294,5.88,0.7106929999999991,0.126824,-0.4283299999999999,-8.986566500000002,-1.1067199999999986,5.071769000000001
20960,-8.339285,-0.911698,4.22109,-26.110001,4.9,-5.95,73.133102,-136.672684,68.366051,295,5.9,0.2919350000000005,0.1316099999999999,-0.636514,-8.485252500000001,-0.9775029999999988,4.539347000000001
20980,-8.602505,-1.354386,4.053586,-12.32,7.42,-6.16,76.869156,-139.944504,69.58345,296,5.92,-0.2632200000000004,-0.4426880000000001,-0.1675040000000001,-8.470895000000002,-1.1330419999999988,4.137338000000001
21000,-8.044957,-1.718108,4.137338,-6.86,9.94,-9.24,75.553314,-137.589355,70.430313,297,5.94,0.5575480000000006,-0.3637219999999999,0.0837519999999996,-8.323731000000002,-1.5362469999999986,4.095462
21020,-7.628591,-1.591284,4.003335,-3.78,8.33,-5.81,74.679314,-138.778351,69.384285,298,5.96,0.416366,0.126824,-0.1340029999999998,-7.836774000000001,-1.6546959999999986,4.0703365
21040,-8.293819,-1.474031,3.864547,0.28,5.95,2.8,75.663742,-139.725586,70.611633,299,5.98,-0.665227999999999,0.1172529999999998,-0.1387879999999999,-7.961205,-1.532657499999999,3.933941
21060,-8.669506,-1.320885,4.070337,-2.87,3.43,2.94,74.971268,-142.275314,69.182991,300,6.0,-0.375687000000001,0.153146,0.2057900000000003,-8.4816625,-1.3974579999999983,3.9674420000000006
21080,-8.703007,-1.040915,3.704222,-3.5,-1.96,-0.07,73.291939,-137.478592,69.623985,301,6.02,-0.0335009999999993,0.27997,-0.3661150000000002,-8.6862565,-1.1808999999999985,3.887279500000001
21100,-8.951869,-1.119881,3.950691,4.9,-0.07,0.7,73.978279,-140.770309,70.017174,302,6.04,-0.2488620000000008,-0.0789659999999998,0.2464689999999998,-8.827438,-1.0803979999999984,3.8274565
21120,-9.02605,-1.42378,4.450809,13.3,1.33,-1.68,71.836884,-137.793015,67.054649,303,6.06,-0.0741809999999993,-0.3038990000000001,0.5001179999999996,-8.9889595,-1.2718304999999983,4.20075
21140,-8.674292,-1.600855,4.675743,16.52,-4.13,-4.76,73.852409,-139.957443,69.741554,304,6.08,0.3517580000000002,-0.1770749999999998,0.2249340000000002,-8.850171,-1.5123174999999986,4.563276
21160,-8.341678,-1.672643,4.63267,14.14,-4.06,-5.88,74.308479,-138.978638,69.491447,305,6.1,0.3326139999999995,-0.0717880000000001,-0.0430729999999996,-8.507985000000001,-1.636748999999999,4.654206500000001
21180,-8.49961,-1.813824,4.886318,10.08,-0.14,-1.82,74.670326,-138.500458,70.274719,306,6.12,-0.1579320000000006,-0.141181,0.2536480000000001,-8.420644000000001,-1.7432334999999988,4.759494
21200,-8.731722,-1.804253,4.836067,8.05,2.87,1.68,74.434784,-139.511612,70.938171,307,6.14,-0.2321119999999989,0.0095709999999999,-0.0502510000000002,-8.615666000000001,-1.8090384999999989,4.8611925000000005
21220,-8.899225,-1.799467,4.922212,8.12,2.8,2.1,73.636597,-139.924088,69.468544,308,6.16,-0.1675029999999999,0.0047860000000001,0.0861450000000001,-8.8154735,-1.801859999999999,4.879139500000001
21240,-8.858545,-1.653499,4.55849,11.9,-1.89,-1.68,73.71711,-139.146576,69.185272,309,6.18,0.04068,0.1459679999999998,-0.3637220000000001,-8.878885,-1.7264829999999989,4.740351
21260,-8.7054,-1.586498,4.335949,20.23,-2.38,-2.38,73.1493,-139.30954,69.580742,310,6.2,0.1531450000000003,0.067001,-0.2225409999999996,-8.7819725,-1.6199984999999986,4.447219500000001
21280,-8.839402,-1.663071,4.716422,21.559999,4.97,0.56,73.926903,-140.501328,69.644646,311,6.22,-0.1340020000000006,-0.076573,0.3804729999999994,-8.772401,-1.6247844999999983,4.5261855
21300,-8.813081,-1.643928,4.871961,11.97,-0.35,0.0,74.257103,-138.709671,69.118912,312,6.24,0.0263209999999993,0.0191429999999999,0.1555390000000001,-8.826241500000002,-1.6534994999999986,4.7941915
21320,-8.597719,-1.478817,4.699671,4.34,-2.59,-0.84,72.078743,-140.181351,69.99411,313,6.26,0.2153620000000007,0.165111,-0.1722899999999994,-8.705400000000001,-1.5613724999999987,4.7858160000000005
21340,-8.616862,-1.320885,4.606348,3.92,-3.36,0.98,71.008331,-136.052383,67.789314,314,6.28,-0.0191429999999996,0.1579319999999999,-0.0933230000000007,-8.607290500000001,-1.3998509999999986,4.6530095000000005
21360,-8.545074,-1.273027,4.59199,2.66,-4.27,1.54,73.222153,-136.933716,69.861221,315,6.3,0.0717879999999997,0.0478580000000001,-0.0143579999999996,-8.580968,-1.2969559999999984,4.599169
21380,-8.60729,-1.191668,4.446023,0.77,-3.36,2.73,73.150185,-138.269012,68.082962,316,6.32,-0.0622160000000011,0.0813589999999999,-0.1459669999999997,-8.576182000000001,-1.2323474999999986,4.519006500000001
21400,-8.609683,-1.239526,4.491488,1.89,-3.78,1.89,74.768372,-139.039383,70.879463,317,6.34,-0.0023929999999996,-0.0478579999999999,0.045465,-8.608486500000001,-1.2155969999999985,4.4687555
21420,-8.368,-1.27542,4.486702,3.78,-3.78,1.82,74.046425,-138.395462,70.157326,318,6.36,0.2416830000000001,-0.035894,-0.0047860000000001,-8.488841500000001,-1.2574729999999985,4.489095000000001
21440,-8.490038,-1.301742,4.563276,4.9,-3.57,3.15,74.777786,-139.037399,71.160118,319,6.38,-0.1220379999999998,-0.0263219999999999,0.0765739999999999,-8.429019,-1.2885809999999984,4.524989000000001
21460,-8.535503,-1.306528,4.668564,4.55,-3.78,3.71,74.036568,-138.677322,68.705574,320,6.4,-0.045465,-0.0047859999999999,0.1052879999999998,-8.512770500000002,-1.3041349999999985,4.615920000000001
21480,-8.772401,-1.351993,4.883925,6.23,-2.87,4.69,72.103645,-138.375183,66.529099,321,6.42,-0.236898,-0.045465,0.2153609999999997,-8.653952,-1.3292604999999984,4.776244500000001
21500,-9.066729,-1.270634,4.828888,4.62,-3.08,3.64,73.985626,-138.128479,69.504135,322,6.44,-0.2943280000000001,0.0813589999999999,-0.0550369999999995,-8.919565000000002,-1.3113134999999985,4.8564065
21520,-9.43045,-1.261063,4.814531,2.45,-1.75,2.03,71.380379,-139.051666,66.133659,323,6.46,-0.3637209999999999,0.0095709999999999,-0.0143570000000003,-9.2485895,-1.2658484999999986,4.821709500000001
21540,-9.329948,-1.215597,4.879139,2.17,-0.35,-0.42,73.758644,-139.697403,68.106049,324,6.48,0.1005020000000005,0.045466,0.0646080000000006,-9.380199,-1.2383299999999986,4.846835
21560,-9.231839,-1.251491,4.862389,3.57,0.35,-2.38,72.535706,-138.162018,68.246223,325,6.5,0.0981089999999991,-0.0358939999999998,-0.01675,-9.2808935,-1.2335439999999984,4.870764000000001
21580,-9.253376,-1.261063,4.754708,3.29,-0.63,-3.92,74.595398,-138.23645,69.200539,326,6.52,-0.0215369999999985,-0.0095720000000001,-0.1076810000000003,-9.242607500000002,-1.2562769999999983,4.808548500000001
21600,-8.712579,-1.203633,4.431666,2.17,-2.1,-7.21,72.426491,-139.225357,66.516418,327,6.54,0.5407969999999995,0.05743,-0.323042,-8.9829775,-1.2323479999999989,4.593187
21620,-8.485252,-1.284992,4.489096,4.2,-0.63,-7.7,71.464722,-139.313705,67.488503,328,6.56,0.2273270000000007,-0.0813589999999999,0.05743,-8.5989155,-1.2443124999999986,4.460381
21640,-8.277069,-1.335243,4.424487,3.57,-0.49,-6.93,72.756233,-138.194382,68.659569,329,6.58,0.208183,-0.050251,-0.0646089999999999,-8.3811605,-1.3101174999999985,4.4567915000000005
21660,-8.308177,-1.383101,4.3862,7.56,0.56,-3.01,71.360329,-135.856064,67.120827,330,6.6,-0.0311080000000014,-0.0478579999999999,-0.0382870000000004,-8.292623,-1.3591719999999985,4.405343500000001
21680,-8.372786,-1.485996,4.61592,7.21,0.21,-3.01,74.05027,-138.954208,67.955467,331,6.62,-0.064608999999999,-0.1028950000000001,0.2297200000000003,-8.340481500000001,-1.434548499999999,4.501060000000001
21700,-8.332106,-1.584105,4.699671,7.49,-1.47,-1.82,75.270248,-138.890289,68.519363,332,6.64,0.04068,-0.098109,0.0837510000000003,-8.352446,-1.5350504999999988,4.657795500000001
21720,-8.528324,-1.512318,4.76428,4.83,-3.85,0.63,73.867424,-138.913925,68.664764,333,6.66,-0.196218,0.071787,0.0646089999999999,-8.430215,-1.5482114999999983,4.731975500000001
21740,-8.829831,-1.447709,4.761887,5.32,-2.31,2.45,71.314842,-139.266479,69.180107,334,6.68,-0.3015070000000008,0.0646090000000001,-0.0023930000000005,-8.679077500000002,-1.4800134999999983,4.7630835000000005
21760,-8.992549,-1.478817,4.833674,6.3,-0.77,2.66,74.255348,-140.309967,68.274506,335,6.7,-0.1627179999999999,-0.0311080000000001,0.0717870000000004,-8.911190000000001,-1.4632629999999986,4.7977805
21780,-8.784366,-1.335243,4.926998,2.8,-1.33,1.54,73.276062,-139.081863,68.358582,336,6.72,0.208183,0.1435740000000001,0.0933239999999999,-8.888457500000001,-1.4070299999999984,4.880336000000001
21800,-9.138516,-1.488389,4.869568,5.39,-3.5,1.75,72.704857,-137.925415,68.287041,337,6.74,-0.3541499999999988,-0.153146,-0.05743,-8.961441,-1.4118159999999986,4.898283000000001
21820,-9.215089,-1.931077,4.900676,11.62,-11.9,0.07,72.65052,-136.057144,68.618584,338,6.76,-0.0765730000000015,-0.4426879999999999,0.0311079999999996,-9.1768025,-1.7097329999999986,4.885122000000001
21840,-9.210303,-2.414444,4.596776,18.76,-16.73,0.21,72.68438,-135.009659,68.103104,339,6.78,0.004786000000001,-0.4833670000000001,-0.3038999999999996,-9.212696,-2.1727604999999985,4.748726
21860,-9.775029,-2.445552,4.752316,17.43,-3.78,7.14,72.659508,-136.335022,67.728142,340,6.8,-0.5647260000000003,-0.0311080000000001,0.1555400000000002,-9.492666,-2.4299979999999985,4.674546000000001
21880,-10.619726,-2.191904,4.467559,7.42,2.17,5.95,75.085754,-135.930298,69.606056,341,6.82,-0.844697,0.2536480000000001,-0.2847570000000008,-10.197377500000002,-2.318727999999999,4.609937500000001
21900,-10.662799,-2.318728,4.261769,6.86,-0.98,-2.73,72.503624,-137.128418,65.766136,342,6.84,-0.0430729999999996,-0.126824,-0.2057899999999994,-10.6412625,-2.2553159999999988,4.364664
21920,-11.430922,-2.555626,3.97462,20.440001,5.32,-4.55,73.302254,-136.436081,68.40686,343,6.86,-0.768123000000001,-0.236898,-0.2871490000000003,-11.0468605,-2.437176999999999,4.1181945
21940,-11.998041,-2.407265,4.800174,34.650002,38.360001,-11.62,75.275841,-137.848755,67.161919,344,6.88,-0.5671189999999999,0.1483609999999999,0.8255540000000003,-11.714481500000002,-2.481445499999998,4.387397
21960,-10.650834,-1.955006,5.43908,26.32,47.599998,-10.71,76.67778,-138.865662,68.514305,345,6.9,1.347207000000001,0.4522590000000002,0.6389059999999995,-11.324437500000002,-2.181135499999999,5.119627
21980,-10.665192,-1.208419,4.95332,7.49,54.740002,-1.33,74.680641,-137.457947,69.057594,346,6.92,-0.0143579999999996,0.7465870000000001,-0.4857599999999999,-10.658013,-1.5817124999999987,5.1962
22000,-10.753729,-0.20579,4.189982,-1.96,52.080002,3.5,73.541611,-136.464462,69.381523,347,6.94,-0.0885370000000005,1.002629,-0.7633380000000001,-10.7094605,-0.7071044999999986,4.571651
22020,-11.596032,0.064609,4.340735,10.22,43.119999,1.05,76.568649,-135.889816,71.846275,348,6.96,-0.8423029999999994,0.270399,0.1507529999999999,-11.1748805,-0.0705904999999986,4.2653585
22040,-11.672606,-0.11486,5.34815,14.49,35.91,-10.71,76.303955,-137.947449,73.165527,349,6.98,-0.0765740000000008,-0.179469,1.0074150000000008,-11.634319,-0.0251254999999986,4.8444425
22060,-9.846817,0.021536,5.228504,-1.61,35.420002,-25.9,75.479691,-136.485718,72.869415,350,7.0,1.8257890000000003,0.136396,-0.1196460000000003,-10.759711500000002,-0.0466619999999986,5.288327000000001
22080,-8.528324,0.069394,4.766673,-5.39,39.830002,-25.200001,77.319275,-136.24791,74.581482,351,7.02,1.318493,0.047858,-0.4618310000000001,-9.1875705,0.0454650000000013,4.997588500000001
22100,-7.901382,-0.078966,4.405344,-6.86,40.32,-24.360001,79.545052,-139.006439,75.058876,352,7.04,0.6269419999999997,-0.14836,-0.3613289999999995,-8.214853000000002,-0.0047859999999986,4.5860085
22120,-6.518281,-0.13161,3.893261,-7.77,31.01,-26.389999,76.953156,-136.44722,74.828979,353,7.06,1.383101,-0.052644,-0.5120830000000005,-7.209831500000001,-0.1052879999999986,4.149302500000001
22140,-5.510867,-0.488153,4.144517,-6.86,20.51,-27.790001,79.469673,-139.503098,76.653572,354,7.08,1.0074139999999998,-0.356543,0.2512559999999997,-6.014574000000001,-0.3098814999999987,4.018889
22160,-4.374236,-0.760945,3.500824,-10.22,7.56,-25.129999,78.545151,-139.863388,77.577202,355,7.1,1.1366310000000004,-0.272792,-0.6436929999999994,-4.9425515,-0.6245489999999987,3.8226705
22180,-3.910012,-0.890162,3.09403,-9.94,2.1,-16.66,77.400993,-139.150772,76.589699,356,7.12,0.4642239999999997,-0.129217,-0.4067940000000001,-4.142124000000001,-0.8255534999999987,3.2974270000000008
22200,-3.888476,-0.971521,2.818846,-5.25,4.13,-8.4,79.14122,-139.694458,78.023712,357,7.14,0.0215360000000002,-0.0813589999999999,-0.2751839999999999,-3.899244000000001,-0.9308414999999988,2.9564380000000003
22220,-3.54629,-1.141417,2.842775,-0.98,-2.8,-2.24,78.490707,-142.515137,76.686943,358,7.16,0.3421859999999999,-0.1698959999999999,0.0239289999999998,-3.7173830000000008,-1.0564689999999983,2.830810500000001
22240,-3.82626,-1.263456,2.385729,-0.07,-17.57,4.48,78.34774,-140.105942,76.694412,359,7.18,-0.27997,-0.122039,-0.457046,-3.686275000000001,-1.2024364999999986,2.6142520000000005
22259,-4.27852,-1.25867,2.455124,5.11,-24.5,14.35,79.431107,-140.551575,77.028717,360,7.2,-0.4522600000000003,0.0047859999999999,0.0693950000000001,-4.052390000000001,-1.2610629999999987,2.4204265000000005
22279,-5.092108,-1.304135,2.861918,9.73,-26.74,23.24,76.792107,-138.002258,75.395515,361,7.22,-0.8135879999999993,-0.045465,0.4067940000000001,-4.685314000000002,-1.281402499999999,2.6585210000000004
22299,-6.070808,-1.53864,3.484074,13.79,-32.34,28.98,79.96167,-140.116653,76.681702,362,7.24,-0.9787000000000008,-0.2345049999999999,0.6221559999999999,-5.581458000000001,-1.421387499999999,3.1729960000000004
22319,-6.745608,-1.220383,3.622863,8.54,-38.990002,34.23,80.361649,-138.869873,75.918732,363,7.26,-0.6747999999999994,0.318257,0.138789,-6.408208000000002,-1.379511499999999,3.5534685000000006
22339,-8.021028,-0.966735,3.931548,7.56,-42.77,40.389999,78.997391,-137.845032,75.68898,364,7.28,-1.2754199999999996,0.253648,0.3086849999999996,-7.383318000000001,-1.0935589999999988,3.7772055
22359,-9.014085,-0.727444,4.175625,9.52,-49.630001,38.360001,77.156059,-139.683121,73.132515,365,7.3,-0.9930570000000004,0.239291,0.2440770000000003,-8.517556500000001,-0.8470894999999987,4.053586500000001
22379,-9.387379,-0.835125,4.242626,12.81,-51.73,33.950001,78.916016,-139.182297,73.630058,366,7.32,-0.3732939999999995,-0.107681,0.0670009999999994,-9.200732000000002,-0.7812844999999988,4.209125500000001
22399,-9.399343,-0.80641,4.819317,16.030001,-43.82,32.900002,76.906059,-136.457123,73.425674,367,7.34,-0.0119640000000007,0.028715,0.5766910000000003,-9.393361000000002,-0.8207674999999988,4.530971500000001
22419,-9.638634,-0.753766,5.089715,14.63,-37.52,31.710001,77.125298,-137.329102,70.325729,368,7.36,-0.2392909999999997,0.0526439999999999,0.2703980000000001,-9.518988500000004,-0.7800879999999988,4.954516000000001
22439,-9.846817,-0.540797,4.42688,14.63,-36.75,29.049999,77.021217,-138.111572,69.907349,369,7.38,-0.208183,0.212969,-0.6628350000000003,-9.742725500000002,-0.6472814999999987,4.758297500000001
22459,-10.370864,-0.110074,4.036836,31.15,-20.65,33.110001,78.770012,-139.213028,69.279823,370,7.4,-0.5240469999999995,0.4307229999999999,-0.3900439999999996,-10.1088405,-0.3254354999999987,4.231858000000001
22479,-11.770715,0.134003,4.742744,46.200001,-3.5,39.830002,75.357231,-136.51149,69.22084,371,7.42,-1.399851,0.244077,0.705908,-11.0707895,0.0119645000000012,4.389790000000001
22499,-12.703949,-0.490546,6.999256,44.59,0.35,31.710001,72.035614,-136.230042,67.610756,372,7.44,-0.9332340000000006,-0.624549,2.256512,-12.237332000000002,-0.1782714999999987,5.871
22519,-11.557746,-0.619763,6.56614,11.69,-14.35,16.52,69.446777,-130.750122,67.898575,373,7.46,1.146203,-0.1292169999999999,-0.433116,-12.130847500000002,-0.5551544999999988,6.782698000000001
22539,-10.741764,-0.358936,5.498903,-10.29,-19.110001,14.84,68.928162,-133.062225,66.65107,374,7.48,0.815982,0.260827,-1.0672369999999995,-11.149755000000004,-0.4893494999999987,6.032521500000001
22559,-11.115058,-0.11486,5.221325,-17.99,-15.190001,20.58,71.293617,-132.390472,67.875786,375,7.5,-0.3732939999999995,0.2440759999999999,-0.2775780000000001,-10.928411,-0.2368979999999988,5.360114000000001
22579,-12.368942,0.26322,5.020321,-13.16,-11.06,22.33,66.454491,-129.23674,63.420567,376,7.52,-1.253884000000001,0.37808,-0.2010040000000001,-11.742,0.0741800000000011,5.1208230000000015
22599,-13.239961,0.698729,4.527382,-2.38,-1.4,15.33,64.412315,-130.47876,63.354263,377,7.54,-0.8710189999999987,0.435509,-0.4929389999999998,-12.804451500000004,0.4809745000000012,4.773851500000001
22619,-13.409857,0.820767,4.922212,4.76,12.32,5.18,67.266815,-128.821289,65.311188,378,7.56,-0.1698960000000013,0.1220379999999999,0.3948299999999998,-13.324909000000002,0.7597480000000012,4.724797000000001
22639,-14.077478,0.760945,5.520439,2.38,14.98,-6.58,63.831261,-129.604172,61.830963,379,7.58,-0.6676209999999987,-0.059822,0.5982269999999996,-13.7436675,0.7908560000000011,5.221325500000001
22659,-13.831009,0.796838,5.362507,-1.68,15.82,-22.610001,67.399033,-132.552872,65.349747,380,7.6,0.2464689999999993,0.035893,-0.1579319999999997,-13.9542435,0.7788915000000012,5.441473
22679,-13.084421,0.562333,5.453437,1.54,20.09,-33.880001,68.268326,-131.364868,66.255447,381,7.62,0.7465879999999991,-0.234505,0.0909300000000001,-13.457715000000002,0.6795855000000012,5.407972000000001
22699,-12.112901,0.220148,5.635299,2.94,26.74,-43.470001,69.983696,-133.233917,67.314491,382,7.64,0.97152,-0.3421849999999999,0.1818619999999997,-12.598661000000003,0.3912405000000011,5.544368
22719,-10.538367,-0.145967,5.525225,0.35,28.77,-51.52,70.2612,-132.493698,66.74292,383,7.66,1.5745340000000017,-0.366115,-0.110074,-11.325634,0.0370905000000011,5.580262000000001
22739,-9.47113,-0.406794,5.49651,-4.2,35.209999,-50.82,74.938515,-133.242249,70.644287,384,7.68,1.0672369999999989,-0.260827,-0.028715,-10.004748500000002,-0.2763804999999988,5.510867500000001
22759,-8.77958,-0.603013,5.388829,-7.49,38.709999,-49.77,75.771774,-134.981857,70.049957,385,7.7,0.6915500000000012,-0.196219,-0.1076809999999994,-9.125355000000004,-0.5049034999999988,5.442669500000001
22779,-7.537661,-0.794446,4.850425,-11.34,35.07,-49.84,78.737122,-135.180771,73.359291,386,7.72,1.241918999999999,-0.1914329999999999,-0.5384039999999999,-8.158620500000001,-0.6987294999999989,5.119627000000001
22799,-6.544604,-0.95477,4.402951,-11.27,34.580002,-45.009998,77.147629,-134.124573,72.575867,387,7.74,0.9930570000000004,-0.160324,-0.4474740000000006,-7.041132500000002,-0.8746079999999988,4.6266880000000015
22819,-5.589833,-1.237134,4.228269,-10.29,37.450001,-37.380001,78.25486,-138.805359,73.561119,388,7.76,0.954771,-0.2823639999999999,-0.1746819999999997,-6.067218500000001,-1.0959519999999987,4.315610000000001
22839,-4.534561,-1.351993,3.905226,-13.51,35.490002,-28.42,78.307564,-137.753906,73.606972,389,7.78,1.0552719999999995,-0.114859,-0.3230430000000002,-5.062197000000001,-1.2945634999999989,4.066747500000001
22859,-4.235447,-1.402244,3.335714,-13.72,28.98,-15.26,77.192085,-136.755478,74.632545,390,7.8,0.2991140000000003,-0.050251,-0.569512,-4.385004000000002,-1.3771184999999988,3.620470000000001
22879,-3.82626,-1.215597,2.646556,-16.59,22.68,-6.23,79.139145,-137.054626,77.230003,391,7.82,0.4091869999999997,0.186647,-0.6891579999999999,-4.030853500000002,-1.3089204999999988,2.9911350000000008
22899,-3.15146,-1.316099,2.352229,-12.81,13.86,1.26,79.311256,-138.417313,76.566734,392,7.84,0.6747999999999998,-0.1005019999999998,-0.294327,-3.4888600000000016,-1.2658479999999988,2.499392500000001
22919,-3.603719,-1.155775,2.538876,-7.98,6.09,13.09,76.869987,-139.86557,75.765617,393,7.86,-0.4522589999999997,0.1603239999999999,0.1866470000000002,-3.377589500000002,-1.2359369999999987,2.4455525000000007
22939,-4.489096,-0.890162,2.426409,-9.1,-5.88,17.780001,75.440224,-138.574738,74.742348,394,7.88,-0.8853770000000001,0.265613,-0.1124670000000001,-4.046407500000002,-1.0229684999999988,2.4826425000000008
22959,-4.848032,-0.715479,2.23019,-3.22,-16.799999,17.639999,77.927277,-138.436981,77.273453,395,7.9,-0.3589359999999999,0.174683,-0.1962190000000001,-4.668564000000002,-0.8028204999999988,2.328299500000001
22979,-4.905462,-0.672407,2.574769,3.64,-22.120001,19.32,79.652946,-139.263519,77.115372,396,7.92,-0.05743,0.043072,0.3445789999999999,-4.876747000000002,-0.6939429999999988,2.402479500000001
22999,-5.709479,-0.622156,2.680057,8.61,-27.440001,23.73,77.31411,-137.009583,77.110031,397,7.94,-0.804017,0.0502509999999999,0.1052880000000002,-5.307470500000002,-0.6472814999999987,2.6274130000000007
23019,-6.652285,-0.804017,3.302213,14.84,-30.59,27.16,77.585587,-137.590775,76.724815,398,7.96,-0.942806,-0.1818609999999999,0.6221559999999999,-6.180882000000002,-0.7130864999999988,2.9911350000000008
23039,-6.889183,-0.547976,3.443395,15.190001,-33.040001,31.43,76.161423,-135.258408,74.344086,399,7.98,-0.236898,0.2560409999999999,0.1411820000000001,-6.770734000000002,-0.6759964999999988,3.372804000000001
23059,-7.697985,-0.339793,3.914798,21.84,-28.91,40.880001,78.113647,-134.795898,74.412994,400,8.0,-0.808802,0.208183,0.4714029999999996,-7.293584000000002,-0.4438844999999988,3.679096500000001
23079,-8.808294,-0.224933,4.390986,32.130001,-21.98,50.119999,73.312965,-135.594467,72.200806,401,8.02,-1.110309,0.11486,0.476188,-8.253139500000001,-0.2823629999999988,4.1528920000000005
23099,-9.889889,-0.382865,5.527618,34.23,-15.190001,52.150002,76.162743,-133.937988,74.017403,402,8.04,-1.081595,-0.157932,1.1366320000000003,-9.349091500000002,-0.3038989999999988,4.959302000000001
23119,-10.660405,-0.040679,5.996628,21.210001,-21.91,52.080002,73.142166,-132.911362,72.537392,403,8.06,-0.7705160000000006,0.342186,0.4690099999999999,-10.275147000000002,-0.2117719999999988,5.762123000000001
23139,-12.242118,0.270399,6.192846,5.88,-27.719999,48.580002,71.49395,-134.228027,71.894478,404,8.08,-1.5817129999999988,0.311078,0.196218,-11.4512615,0.1148600000000012,6.094737000000001
23159,-13.610861,0.701122,5.745372,-1.33,-24.99,40.529999,71.658821,-133.712524,72.966049,405,8.1,-1.3687430000000005,0.430723,-0.4474740000000006,-12.926489500000002,0.4857605000000012,5.969109000000001
23179,-13.586932,1.196454,5.15911,-4.69,-19.040001,27.51,68.739716,-134.063461,68.717819,406,8.12,0.0239290000000007,0.4953319999999999,-0.5862619999999996,-13.598896500000002,0.9487880000000012,5.452241000000001
23199,-13.350035,1.387887,4.656599,-5.67,-15.89,15.12,65.046928,-129.742157,67.265602,407,8.14,0.236896999999999,0.1914330000000002,-0.5025110000000002,-13.4684835,1.2921705000000012,4.907854500000001
23219,-13.32132,1.172525,4.642241,0.77,-12.32,5.46,64.668427,-128.344131,67.936523,408,8.16,0.028715,-0.215362,-0.0143579999999996,-13.335677500000005,1.2802060000000013,4.649420000000001
23239,-13.306962,0.894948,4.721208,0.63,-13.02,-5.04,63.596581,-130.055588,64.836601,409,8.18,0.0143579999999996,-0.2775770000000001,0.0789669999999995,-13.314141000000005,1.0337365000000012,4.681724500000001
23259,-13.283032,0.892555,4.364665,-0.91,-8.68,-14.35,64.180275,-128.289337,65.706528,410,8.2,0.02393,-0.0023929999999999,-0.3565430000000003,-13.294997000000002,0.8937515000000011,4.542936500000001
23279,-12.301941,0.715479,4.36945,-0.28,0.35,-21.629999,67.512962,-131.488541,67.219887,411,8.22,0.981091000000001,-0.177076,0.004785,-12.792486500000004,0.8040170000000012,4.3670575000000005
23299,-11.861646,0.538404,4.570455,2.59,6.44,-22.049999,66.425774,-130.003357,65.247467,412,8.24,0.440294999999999,-0.1770749999999999,0.2010050000000003,-12.081793500000002,0.6269415000000012,4.469952500000001
23319,-12.120079,0.382865,4.97007,1.47,8.4,-25.76,65.501251,-130.363647,66.171097,413,8.26,-0.2584330000000001,-0.1555389999999999,0.3996149999999998,-11.990862500000002,0.4606345000000012,4.770262500000001
23339,-11.452458,0.327828,4.977249,0.0,10.22,-30.030001,67.175545,-130.921219,65.64048,414,8.28,0.6676210000000005,-0.055037,0.0071789999999998,-11.786268500000002,0.3553465000000012,4.9736595
23359,-11.00977,0.217755,5.049036,1.26,17.219999,-29.889999,69.540115,-131.290039,68.362984,415,8.3,0.4426880000000004,-0.110073,0.0717870000000004,-11.231114000000002,0.2727915000000012,5.013142500000001
23379,-10.521617,0.059823,4.996392,2.24,24.85,-29.82,70.964165,-138.142395,69.521904,416,8.32,0.4881529999999987,-0.157932,-0.0526439999999999,-10.7656935,0.1387890000000012,5.022714000000001
23399,-9.82528,-0.129217,4.998785,2.17,31.15,-29.33,74.951332,-134.559677,71.391968,417,8.34,0.6963370000000015,-0.1890399999999999,0.0023929999999996,-10.173448500000005,-0.0346969999999987,4.997588500000001
23419,-9.246197,-0.564726,5.3649,-0.91,31.290001,-32.27,72.871582,-131.289627,71.42482,418,8.36,0.5790829999999989,-0.4355089999999999,0.3661149999999997,-9.5357385,-0.3469714999999987,5.1818425
23439,-8.040172,-0.473796,4.603955,-5.88,24.92,-34.509998,73.993942,-130.406906,72.555084,419,8.38,1.2060250000000003,0.0909299999999999,-0.7609449999999995,-8.643184500000002,-0.5192609999999988,4.984427500000001
23459,-7.377336,-0.593441,4.091873,-8.33,24.99,-33.040001,79.041992,-135.475159,75.127487,420,8.4,0.6628360000000004,-0.119645,-0.5120820000000004,-7.708754000000002,-0.5336184999999987,4.347914000000001
23479,-6.513496,-0.739409,3.969835,-5.88,28.49,-29.960001,77.636665,-133.138824,73.308075,421,8.42,0.8638399999999997,-0.145968,-0.1220379999999998,-6.945416000000002,-0.6664249999999987,4.030854000000001
23499,-5.575476,-1.007414,3.907619,-4.27,27.299999,-26.74,75.622757,-134.374893,74.083755,422,8.44,0.93802,-0.268005,-0.0622159999999998,-6.044486000000002,-0.8734114999999987,3.938727000000001
23519,-4.898283,-1.134238,3.991371,-5.81,23.66,-20.440001,77.308113,-137.850189,73.456413,423,8.46,0.6771929999999999,-0.126824,0.083752,-5.236879500000002,-1.070825999999999,3.9494950000000006
23539,-4.551311,-0.86384,3.441002,-12.88,12.95,-10.99,76.214546,-133.927094,75.561028,424,8.48,0.346972,0.270398,-0.5503689999999999,-4.724797000000002,-0.9990389999999988,3.716186500000001
23559,-4.692493,-0.801624,2.869097,-11.13,1.75,-8.33,75.765717,-136.784073,74.076286,425,8.5,-0.1411819999999997,0.062216,-0.5719050000000001,-4.621902000000002,-0.8327319999999988,3.155049500000001
23579,-4.711636,-0.911698,2.593912,-6.16,-5.88,-5.53,77.416008,-138.107269,75.512909,426,8.52,-0.0191430000000005,-0.110074,-0.275185,-4.702064500000002,-0.8566609999999988,2.7315045000000007
23599,-4.539347,-0.847089,2.778166,-3.15,-12.95,-2.66,77.140709,-136.486511,74.26001,427,8.54,0.1722890000000001,0.064609,0.1842540000000001,-4.6254915000000025,-0.8793934999999988,2.686039000000001
23619,-5.202182,-0.734623,2.995921,-2.45,-22.469999,3.99,77.155273,-136.203674,75.852097,428,8.56,-0.6628349999999994,0.1124659999999999,0.2177549999999999,-4.870764500000002,-0.7908559999999988,2.8870435000000008
23639,-5.975091,-0.6748,2.919348,-2.03,-30.380001,9.1,78.168419,-136.384277,75.252548,429,8.58,-0.7729090000000003,0.059823,-0.0765730000000002,-5.588636500000002,-0.7047114999999988,2.957634500000001
23659,-6.551782,-0.605406,3.170603,2.8,-33.32,13.23,77.975723,-136.625854,74.510086,430,8.6,-0.5766910000000003,0.0693939999999999,0.251255,-6.263436500000002,-0.6401029999999988,3.0449755000000005
23679,-7.374943,-0.471403,3.47211,7.0,-36.610001,15.05,76.329247,-136.342224,74.711586,431,8.62,-0.8231609999999998,0.1340029999999999,0.3015069999999999,-6.963362500000002,-0.5384044999999988,3.3213565000000007
23699,-7.922919,-0.392437,3.790366,10.64,-37.59,17.01,78.815437,-136.764206,74.900497,432,8.64,-0.5479760000000002,0.078966,0.3182560000000003,-7.648931000000002,-0.4319199999999987,3.6312380000000006
23719,-8.513967,-0.483367,4.436451,15.47,-38.5,18.690001,78.6968,-137.829529,72.89003,433,8.66,-0.5910479999999989,-0.09093,0.6460849999999998,-8.218443,-0.4379019999999988,4.1134085
23739,-8.992549,-0.416366,4.742744,17.08,-38.849998,18.969999,76.874832,-134.863785,73.287773,434,8.68,-0.4785820000000012,0.0670009999999999,0.3062930000000001,-8.753258000000002,-0.4498664999999988,4.5895975
23759,-9.478309,-0.325435,5.001178,20.16,-36.470001,22.469999,76.882965,-135.701416,70.055145,435,8.7,-0.4857599999999991,0.090931,0.2584340000000003,-9.235429000000002,-0.3709004999999987,4.871961000000001
23779,-10.399578,-0.492939,5.872197,20.23,-35.560001,21.280001,78.931915,-137.098236,71.055481,436,8.72,-0.9212690000000006,-0.167504,0.8710189999999995,-9.9389435,-0.4091869999999987,5.436687500000001
23799,-10.562296,-0.418759,5.778873,9.52,-41.580002,11.97,76.961739,-136.524185,68.927467,437,8.74,-0.1627179999999999,0.07418,-0.0933239999999999,-10.480937,-0.4558489999999988,5.825535
23819,-10.114822,-0.236898,5.893733,5.6,-37.170002,10.71,74.338516,-136.891602,67.337868,438,8.76,0.4474739999999997,0.181861,0.1148600000000001,-10.338559000000002,-0.3278284999999987,5.836303000000001
23839,-10.909268,-0.287149,6.259848,6.58,-24.360001,14.35,76.852524,-137.587524,67.197662,439,8.78,-0.7944460000000007,-0.0502509999999999,0.3661149999999997,-10.512045000000002,-0.2620234999999987,6.0767905
23859,-11.115058,-0.27997,6.137809,2.45,-17.57,8.82,74.086449,-131.025787,66.837326,440,8.8,-0.2057899999999985,0.0071789999999999,-0.122039,-11.012163,-0.2835594999999987,6.1988285
23879,-10.624512,-0.055037,5.654442,-0.56,-14.28,2.87,73.362747,-131.982132,65.270782,441,8.82,0.4905460000000001,0.224933,-0.4833669999999994,-10.869785,-0.1675034999999987,5.8961255
23899,-10.289505,0.18904,5.240469,-2.38,-9.87,1.19,74.14035,-133.173904,65.334686,442,8.84,0.3350069999999991,0.244077,-0.4139730000000003,-10.4570085,0.0670015000000012,5.4474555
23919,-10.46658,-0.059823,5.443866,3.36,-4.41,-1.33,73.388832,-133.856339,64.09726,443,8.86,-0.1770750000000003,-0.248863,0.2033969999999998,-10.378042500000005,0.0646085000000012,5.3421675
23939,-9.765458,-0.126824,5.38165,2.1,-5.11,-8.19,71.202835,-133.248932,61.696228,444,8.88,0.7011219999999998,-0.0670009999999999,-0.0622160000000002,-10.116019,-0.0933234999999987,5.412758
23959,-8.980584,-0.177075,5.474974,3.36,-2.87,-9.31,73.49247,-133.353745,63.344543,445,8.9,0.7848740000000003,-0.050251,0.0933239999999999,-9.373021,-0.1519494999999988,5.428312
23979,-8.801116,-0.284756,5.561119,3.43,-4.62,-8.75,73.232948,-134.649734,62.135246,446,8.92,0.1794679999999999,-0.107681,0.0861450000000001,-8.890850000000002,-0.2309154999999988,5.5180465000000005
23999,-8.061707,-0.212969,5.010749,3.5,-10.22,-8.82,71.238335,-135.12117,60.803364,447,8.94,0.7394090000000002,0.071787,-0.55037,-8.431411500000003,-0.2488624999999987,5.285934
24019,-8.009064,-0.344579,5.046643,14.91,-4.97,-4.2,73.574638,-135.495926,62.683884,448,8.96,0.0526429999999997,-0.13161,0.0358940000000007,-8.035385500000002,-0.2787739999999988,5.028696
24039,-8.04735,-0.378079,5.640084,20.370001,0.21,0.0,73.751465,-136.85762,62.160942,449,8.98,-0.0382859999999993,-0.0334999999999999,0.5934409999999994,-8.028207000000002,-0.3613289999999988,5.343363500000001
24059,-8.365606,-0.368508,5.501296,14.35,-0.84,1.68,73.242371,-134.647751,62.415905,450,9.0,-0.3182559999999999,0.0095709999999999,-0.1387879999999999,-8.206478,-0.3732934999999988,5.570690000000001
24079,-8.425429,-0.210576,5.283541,2.94,-4.76,-1.12,75.296036,-136.043579,63.556572,451,9.02,-0.0598229999999997,0.157932,-0.2177550000000003,-8.3955175,-0.2895419999999988,5.3924185
24099,-8.293819,-0.124431,5.30747,2.17,-1.4,-1.54,72.860039,-132.21019,61.448708,452,9.04,0.1316100000000002,0.086145,0.0239290000000007,-8.359624,-0.1675034999999987,5.295505500000001
24119,-8.279462,-0.153146,5.374472,0.42,0.56,-0.91,70.673584,-132.363434,61.716557,453,9.06,0.0143569999999986,-0.028715,0.0670019999999995,-8.2866405,-0.1387884999999987,5.340971000000001
24139,-8.564219,-0.24647,5.443866,1.68,-0.07,0.21,73.926636,-135.299606,62.015396,454,9.08,-0.284756999999999,-0.0933239999999999,0.0693939999999999,-8.421840500000002,-0.1998079999999987,5.409169
24159,-8.784366,-0.167504,5.482152,0.07,-0.21,-1.05,71.515945,-129.860962,61.45359,455,9.1,-0.2201470000000007,0.078966,0.0382860000000002,-8.674292500000002,-0.2069869999999987,5.463009
24179,-8.79633,-0.138789,5.34815,-0.49,0.35,-3.57,74.067955,-134.789078,62.385323,456,9.12,-0.0119639999999989,0.0287149999999999,-0.1340019999999997,-8.790348000000002,-0.1531464999999987,5.415151000000001
24199,-8.750865,-0.095716,5.324221,1.4,2.45,-5.39,74.39563,-131.118256,63.734772,457,9.14,0.045465,0.043073,-0.0239290000000007,-8.773597500000001,-0.1172524999999987,5.336185500000001
24219,-8.616862,-0.229719,5.362507,2.24,4.27,-6.86,70.739555,-131.868774,59.841202,458,9.16,0.1340029999999998,-0.134003,0.0382860000000002,-8.683863500000001,-0.1627174999999987,5.343364
24239,-8.377571,-0.299114,5.412758,2.17,3.71,-7.14,73.440666,-133.364655,61.800911,459,9.18,0.2392909999999997,-0.0693949999999999,0.0502510000000002,-8.4972165,-0.2644164999999988,5.3876325000000005
24259,-8.48286,-0.356543,5.436687,2.03,3.5,-6.58,74.055153,-133.471634,61.637646,460,9.2,-0.1052890000000008,-0.057429,0.0239289999999998,-8.430215500000003,-0.3278284999999987,5.424722500000001
24279,-8.470895,-0.397223,5.460616,0.0,1.54,-7.42,74.302177,-135.098328,62.048561,461,9.22,0.011965,-0.0406799999999999,0.0239289999999998,-8.476877500000002,-0.3768829999999987,5.4486515
24299,-8.265104,-0.346972,5.254826,-2.17,1.33,-7.49,74.690536,-136.214493,62.829403,462,9.24,0.2057910000000014,0.0502509999999999,-0.2057899999999994,-8.367999500000002,-0.3720974999999987,5.357721000000001
24319,-8.056922,-0.380472,5.297898,-0.21,3.5,-5.39,73.327927,-138.10936,62.22226,463,9.26,0.2081819999999989,-0.0334999999999999,0.0430719999999995,-8.161013,-0.3637219999999987,5.276362000000001
24339,-7.951633,-0.437902,5.372079,1.05,4.27,-1.19,74.754402,-133.560776,64.00032,464,9.28,0.1052889999999999,-0.05743,0.0741810000000002,-8.004277500000002,-0.4091869999999987,5.334988500000001
24359,-8.317748,-0.421152,5.57069,-1.82,3.71,0.84,72.478897,-133.452988,62.772995,465,9.3,-0.3661149999999997,0.0167499999999999,0.1986109999999996,-8.134690500000001,-0.4295269999999987,5.471384500000001
24379,-8.525931,-0.20579,5.297898,-4.06,1.33,0.0,75.048103,-135.457428,64.64344,466,9.32,-0.208183,0.215362,-0.2727919999999999,-8.4218395,-0.3134709999999988,5.434294
24399,-8.624041,-0.150753,5.197396,0.63,1.82,-2.24,73.983154,-135.287704,63.699356,467,9.34,-0.0981100000000001,0.055037,-0.1005019999999996,-8.574986000000003,-0.1782714999999987,5.247647000000001
24418,-8.315355,-0.270399,5.125609,-0.56,0.63,-5.53,71.867805,-134.665421,63.403278,468,9.36,0.3086859999999998,-0.119646,-0.0717870000000004,-8.469698000000001,-0.2105759999999987,5.161502500000001
24438,-8.032992,-0.210576,5.025107,0.98,1.05,-5.25,73.947662,-133.415482,64.592224,469,9.38,0.2823630000000001,0.0598229999999999,-0.1005019999999996,-8.174173500000002,-0.2404874999999988,5.0753580000000005
24458,-8.399107,-0.3374,5.197396,2.73,0.84,-2.24,72.042984,-133.107407,63.257732,470,9.4,-0.3661150000000006,-0.1268239999999999,0.1722890000000001,-8.216049500000002,-0.2739879999999988,5.111251500000001
24478,-8.604897,-0.251255,5.106466,0.49,-1.12,-3.01,73.589203,-135.213074,64.27597,471,9.42,-0.2057899999999985,0.0861449999999999,-0.0909300000000001,-8.502002000000001,-0.2943274999999988,5.151931000000001
